<appaction uniquename="cr48e__UpdateObjectiveCh!166dffcdcd244bf7b7cb873ba2a92602!gap_DEMO!gap_scheme!0">
  <appmoduleid>
    <uniquename>gap_DEMO</uniquename>
  </appmoduleid>
  <buttonaccessibilitytext default="Update Subjective Checklist button">
    <label description="Update Subjective Checklist button" languagecode="1033" />
  </buttonaccessibilitytext>
  <buttonlabeltext default="Update Subjective Checklists">
    <label description="Update Subjective Checklists" languagecode="1033" />
  </buttonlabeltext>
  <buttontooltipdescription default="Button to update subjective checklists for applications under the scheme">
    <label description="Button to update subjective checklists for applications under the scheme" languagecode="1033" />
  </buttontooltipdescription>
  <buttontooltiptitle default="Update Subjective Checklist">
    <label description="Update Subjective Checklist" languagecode="1033" />
  </buttontooltiptitle>
  <context>1</context>
  <contextentity>
    <logicalname>gap_scheme</logicalname>
  </contextentity>
  <contextvalue>gap_scheme</contextvalue>
  <fonticon>$clientsvg:Completed</fonticon>
  <hidden>0</hidden>
  <iscustomizable>1</iscustomizable>
  <isdisabled>0</isdisabled>
  <isgrouptitlehidden>0</isgrouptitlehidden>
  <location>0</location>
  <name>UpdateObjectiveCh!166dffcdcd244bf7b7cb873ba2a92602</name>
  <onclickeventformulacomponentlibraryid>
    <name>gap_demodefaultcommandlibrary_7c943</name>
  </onclickeventformulacomponentlibraryid>
  <onclickeventformulacomponentname>b18ad2e0e92141ab9fea177e2811316a</onclickeventformulacomponentname>
  <onclickeventformulafunctionname>OnSelect</onclickeventformulafunctionname>
  <onclickeventtype>1</onclickeventtype>
  <origin>0</origin>
  <parentappactionid>
    <uniquename>cr48e__ChecklistActions!10d863407c694d3b95dfefb3c4fc6c1d!gap_DEMO!gap_scheme!0</uniquename>
  </parentappactionid>
  <sequence>5000.0000000000</sequence>
  <statecode>0</statecode>
  <statuscode>1</statuscode>
  <type>0</type>
  <visibilityformulacomponentlibraryid>
    <name>gap_demodefaultcommandlibrary_7c943</name>
  </visibilityformulacomponentlibraryid>
  <visibilityformulacomponentname>b18ad2e0e92141ab9fea177e2811316a</visibilityformulacomponentname>
  <visibilityformulafunctionname>Visible</visibilityformulafunctionname>
  <visibilitytype>1</visibilitytype>
</appaction>