<appaction uniquename="cr48e__Actions!38717107ad2843cca097b771ca869f3f!gap_DEMO!gap_scheme!0">
  <appmoduleid>
    <uniquename>gap_DEMO</uniquename>
  </appmoduleid>
  <buttonaccessibilitytext default="Actions Drop-down button">
    <label description="Actions Drop-down button" languagecode="1033" />
  </buttonaccessibilitytext>
  <buttonlabeltext default="Actions">
    <label description="Actions" languagecode="1033" />
  </buttonlabeltext>
  <buttontooltiptitle default="Actions Drop-down">
    <label description="Actions Drop-down" languagecode="1033" />
  </buttontooltiptitle>
  <context>1</context>
  <contextentity>
    <logicalname>gap_scheme</logicalname>
  </contextentity>
  <contextvalue>gap_scheme</contextvalue>
  <fonticon>BulletedList</fonticon>
  <hidden>0</hidden>
  <iscustomizable>1</iscustomizable>
  <isdisabled>0</isdisabled>
  <isgrouptitlehidden>0</isgrouptitlehidden>
  <location>0</location>
  <name>Actions!38717107ad2843cca097b771ca869f3f</name>
  <onclickeventtype>0</onclickeventtype>
  <origin>0</origin>
  <sequence>100100044.1796875000</sequence>
  <statecode>0</statecode>
  <statuscode>1</statuscode>
  <type>1</type>
  <visibilitytype>0</visibilitytype>
</appaction>