<appaction uniquename="cr48e__ChecklistActions!10d863407c694d3b95dfefb3c4fc6c1d!gap_DEMO!gap_scheme!0">
  <appmoduleid>
    <uniquename>gap_DEMO</uniquename>
  </appmoduleid>
  <context>1</context>
  <contextentity>
    <logicalname>gap_scheme</logicalname>
  </contextentity>
  <contextvalue>gap_scheme</contextvalue>
  <grouptitle default="Checklist Actions">
    <label description="Checklist Actions" languagecode="1033" />
  </grouptitle>
  <hidden>0</hidden>
  <iscustomizable>1</iscustomizable>
  <isdisabled>0</isdisabled>
  <isgrouptitlehidden>0</isgrouptitlehidden>
  <location>0</location>
  <name>ChecklistActions!10d863407c694d3b95dfefb3c4fc6c1d</name>
  <onclickeventtype>0</onclickeventtype>
  <origin>0</origin>
  <parentappactionid>
    <uniquename>cr48e__Actions!38717107ad2843cca097b771ca869f3f!gap_DEMO!gap_scheme!0</uniquename>
  </parentappactionid>
  <sequence>10000.0000000000</sequence>
  <statecode>0</statecode>
  <statuscode>1</statuscode>
  <type>3</type>
</appaction>