<appaction uniquename="gap__SubmitInitialSubj!5dd3bf1c0a054dc58a946b474579b55a!gap_DEMO!gap_application!0">
  <appmoduleid>
    <uniquename>gap_DEMO</uniquename>
  </appmoduleid>
  <buttonaccessibilitytext default="Submit Peer Subjective Scoring">
    <label description="Submit Peer Subjective Scoring" languagecode="1033" />
  </buttonaccessibilitytext>
  <buttonlabeltext default="Submit (Peer) Subjective Scoring">
    <label description="Submit (Peer) Subjective Scoring" languagecode="1033" />
  </buttonlabeltext>
  <buttontooltipdescription default="Button to Submit Peer Subjective Scoring">
    <label description="Button to Submit Peer Subjective Scoring" languagecode="1033" />
  </buttontooltipdescription>
  <buttontooltiptitle default="Submit Peer Subjective Scoring">
    <label description="Submit Peer Subjective Scoring" languagecode="1033" />
  </buttontooltiptitle>
  <context>1</context>
  <contextentity>
    <logicalname>gap_application</logicalname>
  </contextentity>
  <contextvalue>gap_application</contextvalue>
  <fonticon>$clientsvg:Accept</fonticon>
  <hidden>0</hidden>
  <iscustomizable>1</iscustomizable>
  <isdisabled>0</isdisabled>
  <isgrouptitlehidden>0</isgrouptitlehidden>
  <location>0</location>
  <name>SubmitInitialSubj!5dd3bf1c0a054dc58a946b474579b55a</name>
  <onclickeventformulacomponentlibraryid>
    <name>gap_demodefaultcommandlibrary_7c943</name>
  </onclickeventformulacomponentlibraryid>
  <onclickeventformulacomponentname>55afc4961f5e413bbfe2b8b3aed8ab24</onclickeventformulacomponentname>
  <onclickeventformulafunctionname>OnSelect</onclickeventformulafunctionname>
  <onclickeventtype>1</onclickeventtype>
  <origin>0</origin>
  <parentappactionid>
    <uniquename>gap__NewGroup!16007fcd8bc145dc8e65ef7e8b696df1!gap_DEMO!gap_application!0</uniquename>
  </parentappactionid>
  <sequence>70000.0000000000</sequence>
  <statecode>0</statecode>
  <statuscode>1</statuscode>
  <type>0</type>
  <visibilityformulacomponentlibraryid>
    <name>gap_demodefaultcommandlibrary_7c943</name>
  </visibilityformulacomponentlibraryid>
  <visibilityformulacomponentname>55afc4961f5e413bbfe2b8b3aed8ab24</visibilityformulacomponentname>
  <visibilityformulafunctionname>Visible</visibilityformulafunctionname>
  <visibilitytype>1</visibilitytype>
</appaction>