<ImportExportXml version="9.2.25092.152" SolutionPackageVersion="9.2" languagecode="1033" generatedBy="CrmLive" xmlns:xsi="http://www.w3.org/2001/XMLSchema-instance" OrganizationVersion="9.2.25092.152" OrganizationSchemaType="Standard" CRMServerServiceabilityVersion="9.2.25101.00151">
  <SolutionManifest>
    <UniqueName>GrantsAdministrationPlatform</UniqueName>
    <LocalizedNames>
      <LocalizedName description="Grants Administration Platform" languagecode="1033" />
    </LocalizedNames>
    <Descriptions />
    <Version>5.0.0.6</Version>
    <Managed>0</Managed>
    <Publisher>
      <UniqueName>GAP</UniqueName>
      <LocalizedNames>
        <LocalizedName description="Grants Administration Platform" languagecode="1033" />
      </LocalizedNames>
      <Descriptions>
        <Description description="GAP" languagecode="1033" />
      </Descriptions>
      <EMailAddress xsi:nil="true"></EMailAddress>
      <SupportingWebsiteUrl xsi:nil="true"></SupportingWebsiteUrl>
      <CustomizationPrefix>gap</CustomizationPrefix>
      <CustomizationOptionValuePrefix>80326</CustomizationOptionValuePrefix>
      <Addresses>
        <Address>
          <AddressNumber>1</AddressNumber>
          <AddressTypeCode>1</AddressTypeCode>
          <City xsi:nil="true"></City>
          <County xsi:nil="true"></County>
          <Country xsi:nil="true"></Country>
          <Fax xsi:nil="true"></Fax>
          <FreightTermsCode xsi:nil="true"></FreightTermsCode>
          <ImportSequenceNumber xsi:nil="true"></ImportSequenceNumber>
          <Latitude xsi:nil="true"></Latitude>
          <Line1 xsi:nil="true"></Line1>
          <Line2 xsi:nil="true"></Line2>
          <Line3 xsi:nil="true"></Line3>
          <Longitude xsi:nil="true"></Longitude>
          <Name xsi:nil="true"></Name>
          <PostalCode xsi:nil="true"></PostalCode>
          <PostOfficeBox xsi:nil="true"></PostOfficeBox>
          <PrimaryContactName xsi:nil="true"></PrimaryContactName>
          <ShippingMethodCode>1</ShippingMethodCode>
          <StateOrProvince xsi:nil="true"></StateOrProvince>
          <Telephone1 xsi:nil="true"></Telephone1>
          <Telephone2 xsi:nil="true"></Telephone2>
          <Telephone3 xsi:nil="true"></Telephone3>
          <TimeZoneRuleVersionNumber xsi:nil="true"></TimeZoneRuleVersionNumber>
          <UPSZone xsi:nil="true"></UPSZone>
          <UTCOffset xsi:nil="true"></UTCOffset>
          <UTCConversionTimeZoneCode xsi:nil="true"></UTCConversionTimeZoneCode>
        </Address>
        <Address>
          <AddressNumber>2</AddressNumber>
          <AddressTypeCode>1</AddressTypeCode>
          <City xsi:nil="true"></City>
          <County xsi:nil="true"></County>
          <Country xsi:nil="true"></Country>
          <Fax xsi:nil="true"></Fax>
          <FreightTermsCode xsi:nil="true"></FreightTermsCode>
          <ImportSequenceNumber xsi:nil="true"></ImportSequenceNumber>
          <Latitude xsi:nil="true"></Latitude>
          <Line1 xsi:nil="true"></Line1>
          <Line2 xsi:nil="true"></Line2>
          <Line3 xsi:nil="true"></Line3>
          <Longitude xsi:nil="true"></Longitude>
          <Name xsi:nil="true"></Name>
          <PostalCode xsi:nil="true"></PostalCode>
          <PostOfficeBox xsi:nil="true"></PostOfficeBox>
          <PrimaryContactName xsi:nil="true"></PrimaryContactName>
          <ShippingMethodCode>1</ShippingMethodCode>
          <StateOrProvince xsi:nil="true"></StateOrProvince>
          <Telephone1 xsi:nil="true"></Telephone1>
          <Telephone2 xsi:nil="true"></Telephone2>
          <Telephone3 xsi:nil="true"></Telephone3>
          <TimeZoneRuleVersionNumber xsi:nil="true"></TimeZoneRuleVersionNumber>
          <UPSZone xsi:nil="true"></UPSZone>
          <UTCOffset xsi:nil="true"></UTCOffset>
          <UTCConversionTimeZoneCode xsi:nil="true"></UTCConversionTimeZoneCode>
        </Address>
      </Addresses>
    </Publisher>
    <RootComponents>
      <RootComponent type="1" schemaName="account" behavior="2" />
      <RootComponent type="1" schemaName="contact" behavior="2" />
      <RootComponent type="1" schemaName="gap_alert" behavior="0" />
      <RootComponent type="1" schemaName="gap_application" behavior="0" />
      <RootComponent type="1" schemaName="gap_applicationassessmentprocess" behavior="0" />
      <RootComponent type="1" schemaName="gap_assessmentprocess" behavior="0" />
      <RootComponent type="1" schemaName="gap_attachments" behavior="0" />
      <RootComponent type="1" schemaName="gap_awardprocess" behavior="0" />
      <RootComponent type="1" schemaName="gap_bankingdetails" behavior="0" />
      <RootComponent type="1" schemaName="gap_complaint" behavior="0" />
      <RootComponent type="1" schemaName="gap_complaintprocess" behavior="0" />
      <RootComponent type="1" schemaName="gap_document" behavior="0" />
      <RootComponent type="1" schemaName="gap_documentaudit" behavior="0" />
      <RootComponent type="1" schemaName="gap_evidenceprocess" behavior="0" />
      <RootComponent type="1" schemaName="gap_exception" behavior="0" />
      <RootComponent type="1" schemaName="gap_expectedpaymentrequest" behavior="0" />
      <RootComponent type="1" schemaName="gap_expectedpaymentstructure" behavior="0" />
      <RootComponent type="1" schemaName="gap_extensionmapping" behavior="0" />
      <RootComponent type="1" schemaName="gap_feedbacksubmittals" behavior="0" />
      <RootComponent type="1" schemaName="gap_gfaschemetemplate" behavior="0" />
      <RootComponent type="1" schemaName="gap_inboundquery" behavior="0" />
      <RootComponent type="1" schemaName="gap_inboundqueryprocess" behavior="0" />
      <RootComponent type="1" schemaName="gap_integrationfile" behavior="0" />
      <RootComponent type="1" schemaName="gap_log" behavior="0" />
      <RootComponent type="1" schemaName="gap_message" behavior="0" />
      <RootComponent type="1" schemaName="gap_monitoringactivity" behavior="0" />
      <RootComponent type="1" schemaName="gap_monitoringactivitytemplate" behavior="0" />
      <RootComponent type="1" schemaName="gap_monitoringchecklist" behavior="0" />
      <RootComponent type="1" schemaName="gap_monitoringchecklistquestion" behavior="0" />
      <RootComponent type="1" schemaName="gap_monitoringchecklistquestiontemplate" behavior="0" />
      <RootComponent type="1" schemaName="gap_monitoringchecklistsection" behavior="0" />
      <RootComponent type="1" schemaName="gap_monitoringchecklistsectiontemplate" behavior="0" />
      <RootComponent type="1" schemaName="gap_monitoringchecklisttemplate" behavior="0" />
      <RootComponent type="1" schemaName="gap_monitoringstructure" behavior="0" />
      <RootComponent type="1" schemaName="gap_monitoringstructuretemplate" behavior="0" />
      <RootComponent type="1" schemaName="gap_outboundquery" behavior="0" />
      <RootComponent type="1" schemaName="gap_outboundqueryprocess" behavior="0" />
      <RootComponent type="1" schemaName="gap_outcome" behavior="0" />
      <RootComponent type="1" schemaName="gap_outcomeprocess" behavior="0" />
      <RootComponent type="1" schemaName="gap_payment" behavior="0" />
      <RootComponent type="1" schemaName="gap_paymentrequestevidence" behavior="0" />
      <RootComponent type="1" schemaName="gap_paymentrequestpayment" behavior="0" />
      <RootComponent type="1" schemaName="gap_paymentrequestprocess" behavior="0" />
      <RootComponent type="1" schemaName="gap_qa" behavior="0" />
      <RootComponent type="1" schemaName="gap_query" behavior="0" />
      <RootComponent type="1" schemaName="gap_reassignmentoption" behavior="0" />
      <RootComponent type="1" schemaName="gap_relatedcontact" behavior="0" />
      <RootComponent type="1" schemaName="gap_reportissue" behavior="0" />
      <RootComponent type="1" schemaName="gap_response" behavior="0" />
      <RootComponent type="1" schemaName="gap_responsemapping" behavior="0" />
      <RootComponent type="1" schemaName="gap_review" behavior="0" />
      <RootComponent type="1" schemaName="gap_reviewconfiguration" behavior="0" />
      <RootComponent type="1" schemaName="gap_reviewoutcomeconfiguration" behavior="0" />
      <RootComponent type="1" schemaName="gap_scheme" behavior="0" />
      <RootComponent type="1" schemaName="gap_schemeadministrationprocess" behavior="0" />
      <RootComponent type="1" schemaName="gap_schemetemplate" behavior="0" />
      <RootComponent type="1" schemaName="gap_scoringchecklist" behavior="0" />
      <RootComponent type="1" schemaName="gap_scoringchecklistquestion" behavior="0" />
      <RootComponent type="1" schemaName="gap_scoringchecklistsection" behavior="0" />
      <RootComponent type="1" schemaName="gap_scoringtemplate" behavior="0" />
      <RootComponent type="1" schemaName="gap_scoringtemplatequestion" behavior="0" />
      <RootComponent type="1" schemaName="gap_scoringtemplatesection" behavior="0" />
      <RootComponent type="1" schemaName="gap_section" behavior="0" />
      <RootComponent type="1" schemaName="gap_timelogging" behavior="0" />
      <RootComponent type="1" schemaName="systemuser" behavior="2" />
      <RootComponent type="1" schemaName="team" behavior="2" />
      <RootComponent type="9" schemaName="cr705_automationtype" behavior="0" />
      <RootComponent type="9" schemaName="gap_alertoutcome" behavior="0" />
      <RootComponent type="9" schemaName="gap_alertstatus" behavior="0" />
      <RootComponent type="9" schemaName="gap_alerttypes" behavior="0" />
      <RootComponent type="9" schemaName="gap_applicationreviewstatus" behavior="0" />
      <RootComponent type="9" schemaName="gap_applicationstages" behavior="0" />
      <RootComponent type="9" schemaName="gap_applicationtypes" behavior="0" />
      <RootComponent type="9" schemaName="gap_approval" behavior="0" />
      <RootComponent type="9" schemaName="gap_assignmenttypes" behavior="0" />
      <RootComponent type="9" schemaName="gap_checklisttype" behavior="0" />
      <RootComponent type="9" schemaName="gap_complaintstages" behavior="0" />
      <RootComponent type="9" schemaName="gap_complaintthemechoice" behavior="0" />
      <RootComponent type="9" schemaName="gap_contactrelationship" behavior="0" />
      <RootComponent type="9" schemaName="gap_decisionoptions" behavior="0" />
      <RootComponent type="9" schemaName="gap_duediligencecategories" behavior="0" />
      <RootComponent type="9" schemaName="gap_duediligenceoutcome" behavior="0" />
      <RootComponent type="9" schemaName="gap_ggmsmonitoringconfirmation" behavior="0" />
      <RootComponent type="9" schemaName="gap_inboundquerystages" behavior="0" />
      <RootComponent type="9" schemaName="gap_inboundquerytheme" behavior="0" />
      <RootComponent type="9" schemaName="gap_letterstatuschoices" behavior="0" />
      <RootComponent type="9" schemaName="gap_logtype" behavior="0" />
      <RootComponent type="9" schemaName="gap_monitoringactivitytypes" behavior="0" />
      <RootComponent type="9" schemaName="gap_monitoringstages" behavior="0" />
      <RootComponent type="9" schemaName="gap_notificationletterresponsechoices" behavior="0" />
      <RootComponent type="9" schemaName="gap_organizationtypes" behavior="0" />
      <RootComponent type="9" schemaName="gap_outboundquerystages" behavior="0" />
      <RootComponent type="9" schemaName="gap_outboundquerytheme" behavior="0" />
      <RootComponent type="9" schemaName="gap_outcome" behavior="0" />
      <RootComponent type="9" schemaName="gap_paymentstatus" behavior="0" />
      <RootComponent type="9" schemaName="gap_paymentstatuschoice" behavior="0" />
      <RootComponent type="9" schemaName="gap_paymenttypechoice" behavior="0" />
      <RootComponent type="9" schemaName="gap_questiontype" behavior="0" />
      <RootComponent type="9" schemaName="gap_reassignmentoptions" behavior="0" />
      <RootComponent type="9" schemaName="gap_recommendationoptions" behavior="0" />
      <RootComponent type="9" schemaName="gap_referralstatus" behavior="0" />
      <RootComponent type="9" schemaName="gap_reviewoutcomes" behavior="0" />
      <RootComponent type="9" schemaName="gap_reviewstatus" behavior="0" />
      <RootComponent type="9" schemaName="gap_reviewtypes" behavior="0" />
      <RootComponent type="9" schemaName="gap_riskprofiles" behavior="0" />
      <RootComponent type="9" schemaName="gap_schemestages" behavior="0" />
      <RootComponent type="9" schemaName="gap_schemetermchoice" behavior="0" />
      <RootComponent type="9" schemaName="gap_schemetypes" behavior="0" />
      <RootComponent type="9" schemaName="gap_scoringoutcome" behavior="0" />
      <RootComponent type="9" schemaName="gap_scoringresponse" behavior="0" />
      <RootComponent type="9" schemaName="gap_spotlightchecks" behavior="0" />
      <RootComponent type="9" schemaName="gap_suitable" behavior="0" />
      <RootComponent type="9" schemaName="gap_templatetype" behavior="0" />
      <RootComponent type="9" schemaName="gap_testchoice" behavior="0" />
      <RootComponent type="9" schemaName="gap_typeoptions" behavior="0" />
      <RootComponent type="20" id="{295ad9c6-17c5-ee11-9079-002248004b54}" behavior="0" />
      <RootComponent type="20" id="{791fcf32-ddf7-ee11-a1fe-6045bdc1fe60}" behavior="0" />
      <RootComponent type="20" id="{f3f9bab3-f4c4-ee11-9079-002248004a06}" behavior="0" />
      <RootComponent type="29" id="{01b6c37b-4120-f011-9989-0022481b0f48}" behavior="0" />
      <RootComponent type="29" id="{027b823e-b7e6-ee11-904d-6045bdd0e669}" behavior="0" />
      <RootComponent type="29" id="{044dddca-c3b0-f011-bbd3-7ced8d38c68c}" behavior="0" />
      <RootComponent type="29" id="{05f3a302-a968-f011-bec2-0022483ff195}" behavior="0" />
      <RootComponent type="29" id="{05f93746-3892-f011-b4cb-000d3ad61ba8}" behavior="0" />
      <RootComponent type="29" id="{0667b250-cbea-ee11-a1fd-7c1e5209d7fb}" behavior="0" />
      <RootComponent type="29" id="{07e21bf6-f5a4-f011-bbd3-7c1e52654c81}" behavior="0" />
      <RootComponent type="29" id="{07ebdcc3-6e6c-f011-b4cb-7ced8d3ad3ea}" behavior="0" />
      <RootComponent type="29" id="{093d6e42-fd89-f011-b4cb-7ced8d6b4176}" behavior="0" />
      <RootComponent type="29" id="{096c26b1-179d-f011-bbd3-6045bdd01421}" behavior="0" />
      <RootComponent type="29" id="{0a3853a1-179d-f011-bbd2-7ced8d38c68c}" behavior="0" />
      <RootComponent type="29" id="{0d19c106-708d-f011-b4cb-000d3a7f48f2}" behavior="0" />
      <RootComponent type="29" id="{0dd64423-fa89-f011-b4cb-7ced8d6b42c7}" behavior="0" />
      <RootComponent type="29" id="{0dffb339-ccea-ee11-a1fd-7c1e5209d7fb}" behavior="0" />
      <RootComponent type="29" id="{0e3f76ab-85dc-ee11-904d-6045bdd0e669}" behavior="0" />
      <RootComponent type="29" id="{1085c650-c272-f011-b4cc-0022483ff195}" behavior="0" />
      <RootComponent type="29" id="{10be9397-b9ea-ee11-a1fd-7c1e5209d7fb}" behavior="0" />
      <RootComponent type="29" id="{12945489-bcb0-f011-bbd3-6045bdd01421}" behavior="0" />
      <RootComponent type="29" id="{13aa7bfd-766c-f011-b4cb-0022483ff195}" behavior="0" />
      <RootComponent type="29" id="{18c12c13-ebe6-ee11-904d-6045bdd0e669}" behavior="0" />
      <RootComponent type="29" id="{19f27970-99ea-ee11-a1fe-6045bdd0e669}" behavior="0" />
      <RootComponent type="29" id="{1a763ced-3e92-f011-b4cc-000d3a7f477d}" behavior="0" />
      <RootComponent type="29" id="{1b51066c-b1dc-ee11-904d-6045bdd0e669}" behavior="0" />
      <RootComponent type="29" id="{1b684e2c-81d1-ee11-9079-0022480043c2}" behavior="0" />
      <RootComponent type="29" id="{1ba3cfed-e7e6-ee11-904d-6045bdf1ea43}" behavior="0" />
      <RootComponent type="29" id="{1bf4a8da-a073-f011-b4cd-6045bd1102ef}" behavior="0" />
      <RootComponent type="29" id="{1c9450a5-f5a4-f011-bbd3-7ced8d38c68c}" behavior="0" />
      <RootComponent type="29" id="{1d32d7f5-bc89-f011-b4cb-7c1e522db721}" behavior="0" />
      <RootComponent type="29" id="{1e90ee93-8d5d-f011-bec2-00224840fbec}" behavior="0" />
      <RootComponent type="29" id="{2158b761-eee6-ee11-904d-6045bdd0e669}" behavior="0" />
      <RootComponent type="29" id="{21c845b5-6b6c-f011-b4cb-002248433196}" behavior="0" />
      <RootComponent type="29" id="{221fa896-f989-f011-b4cc-0022484334b8}" behavior="0" />
      <RootComponent type="29" id="{2373c176-86dc-ee11-904d-6045bdf1ea43}" behavior="0" />
      <RootComponent type="29" id="{23c46bcb-3da4-f011-bbd3-6045bdf1cfcf}" behavior="0" />
      <RootComponent type="29" id="{242b379f-c4d7-ee11-904d-6045bdd0e669}" behavior="0" />
      <RootComponent type="29" id="{24ee0a7c-974a-f011-877b-7c1e5279c40a}" behavior="0" />
      <RootComponent type="29" id="{25d43207-4392-f011-b4cb-7ced8d6ca6ae}" behavior="0" />
      <RootComponent type="29" id="{2688f2a4-3ff7-ee11-a1fe-6045bdc1fe60}" behavior="0" />
      <RootComponent type="29" id="{26b8d423-c2b0-f011-bbd2-6045bd13df5f}" behavior="0" />
      <RootComponent type="29" id="{27581850-25a5-f011-bbd3-6045bdd01421}" behavior="0" />
      <RootComponent type="29" id="{278f179a-3ba4-f011-bbd3-7ced8d38e853}" behavior="0" />
      <RootComponent type="29" id="{29181382-d0ea-ee11-a1fd-7c1e5209d7fb}" behavior="0" />
      <RootComponent type="29" id="{2ab7bb91-8e89-f011-b4cb-7ced8d6b42c7}" behavior="0" />
      <RootComponent type="29" id="{2ec5b823-26a5-f011-bbd3-7ced8d38c68c}" behavior="0" />
      <RootComponent type="29" id="{2f449d0e-e8e6-ee11-904d-6045bdf1ea43}" behavior="0" />
      <RootComponent type="29" id="{2f55425c-a2b8-ee11-9078-002248004b54}" behavior="0" />
      <RootComponent type="29" id="{2f85522c-af8c-f011-b4cb-000d3ad60bb2}" behavior="0" />
      <RootComponent type="29" id="{306a3fb0-eb89-f011-b4cc-7ced8d3ad3ea}" behavior="0" />
      <RootComponent type="29" id="{3154ae08-753c-f011-8c4d-002248c6f33a}" behavior="0" />
      <RootComponent type="29" id="{32a40fcf-6e8d-f011-b4cb-000d3a7f48f2}" behavior="0" />
      <RootComponent type="29" id="{331da36b-1bc4-ee11-9079-002248004dbc}" behavior="0" />
      <RootComponent type="29" id="{34939b5a-6e8d-f011-b4cb-6045bdf1bb64}" behavior="0" />
      <RootComponent type="29" id="{34dcbbbc-d030-f011-8c4d-6045bd0d3ff5}" behavior="0" />
      <RootComponent type="29" id="{382869cf-6c6c-f011-b4cb-002248433196}" behavior="0" />
      <RootComponent type="29" id="{38896909-446d-f011-b4cb-0022483ff195}" behavior="0" />
      <RootComponent type="29" id="{3a003aa8-d130-f011-8c4d-6045bd0d3ff5}" behavior="0" />
      <RootComponent type="29" id="{3a4fd22e-4de5-ee11-904d-6045bdd0e669}" behavior="0" />
      <RootComponent type="29" id="{3aa9f6db-ac8c-f011-b4cb-6045bdf1bb64}" behavior="0" />
      <RootComponent type="29" id="{3ec0d886-46f7-ee11-a1fe-7c1e5209d7fb}" behavior="0" />
      <RootComponent type="29" id="{3eca273f-716c-f011-b4cb-0022483ff195}" behavior="0" />
      <RootComponent type="29" id="{3efb4e59-8ca2-f011-bbd3-7ced8d9ad036}" behavior="0" />
      <RootComponent type="29" id="{4223d0f2-9c55-f011-bec2-00224840fbec}" behavior="0" />
      <RootComponent type="29" id="{44e21c29-cead-f011-bbd3-6045bdd01421}" behavior="0" />
      <RootComponent type="29" id="{46939bc9-475b-f011-bec2-00224840fbec}" behavior="0" />
      <RootComponent type="29" id="{46c53c96-a98c-f011-b4cb-000d3a7f48f2}" behavior="0" />
      <RootComponent type="29" id="{48115653-14c5-ee11-9079-002248004d0a}" behavior="0" />
      <RootComponent type="29" id="{4ec55dca-d0ea-ee11-a1fd-7c1e5209d7fb}" behavior="0" />
      <RootComponent type="29" id="{4ec86dd6-bab0-f011-bbd3-6045bdd01421}" behavior="0" />
      <RootComponent type="29" id="{50d656db-6f8d-f011-b4cb-000d3a7f48f2}" behavior="0" />
      <RootComponent type="29" id="{5231e7e5-7cd5-ee11-904d-6045bdf1ea43}" behavior="0" />
      <RootComponent type="29" id="{52d926a3-2bec-ee11-a1fd-7c1e5209d7fb}" behavior="0" />
      <RootComponent type="29" id="{53122a27-1acc-ee11-9079-002248004b54}" behavior="0" />
      <RootComponent type="29" id="{55da12a2-97ad-f011-bbd3-6045bdd01421}" behavior="0" />
      <RootComponent type="29" id="{57916cdb-43e8-ee11-904c-7c1e5209d7fb}" behavior="0" />
      <RootComponent type="29" id="{580d3b32-63e8-ee11-904c-7c1e5209d7fb}" behavior="0" />
      <RootComponent type="29" id="{585693a5-b6e6-ee11-904d-6045bdf1ea43}" behavior="0" />
      <RootComponent type="29" id="{5963c528-7bd5-ee11-904d-6045bdd0e669}" behavior="0" />
      <RootComponent type="29" id="{5a5ffa7b-e8a4-f011-bbd2-6045bd13df5f}" behavior="0" />
      <RootComponent type="29" id="{5a7a6be2-90f6-ee11-a1fe-6045bdcf482e}" behavior="0" />
      <RootComponent type="29" id="{5bb29513-c0b0-f011-bbd3-6045bdd01421}" behavior="0" />
      <RootComponent type="29" id="{5dc07ed3-c5b0-f011-bbd3-7ced8d38c68c}" behavior="0" />
      <RootComponent type="29" id="{5debe08a-bbb0-f011-bbd3-6045bdd01421}" behavior="0" />
      <RootComponent type="29" id="{5f903675-bfb0-f011-bbd3-6045bdd01421}" behavior="0" />
      <RootComponent type="29" id="{5fa0d8f3-2d9d-f011-bbd2-7c1e52654c81}" behavior="0" />
      <RootComponent type="29" id="{60a8f3d3-ebb9-ee11-a569-0022480043c2}" behavior="0" />
      <RootComponent type="29" id="{63ac591e-c4b0-f011-bbd3-7ced8d38c68c}" behavior="0" />
      <RootComponent type="29" id="{65ab98f2-46a0-f011-bbd2-6045bdf1c966}" behavior="0" />
      <RootComponent type="29" id="{68ab547e-864b-f011-877b-7c1e522e917b}" behavior="0" />
      <RootComponent type="29" id="{6a43ef1f-9234-f011-8c4c-002248c6f33a}" behavior="0" />
      <RootComponent type="29" id="{6a9f3e16-8c6c-f011-b4cb-0022483ff195}" behavior="0" />
      <RootComponent type="29" id="{6b734448-6f6c-f011-b4cb-0022483ff195}" behavior="0" />
      <RootComponent type="29" id="{6bde2ef0-2578-f011-b4cb-0022483ff195}" behavior="0" />
      <RootComponent type="29" id="{6d05b45f-52f6-ee11-a1fe-7c1e5204175a}" behavior="0" />
      <RootComponent type="29" id="{6d1c2566-638a-f011-b4cc-0022484334b8}" behavior="0" />
      <RootComponent type="29" id="{6de42f00-6253-f011-877b-7c1e5204cc9b}" behavior="0" />
      <RootComponent type="29" id="{70a8c19f-ecf8-ee11-a1fe-6045bdcf482e}" behavior="0" />
      <RootComponent type="29" id="{71c1a2ea-f5e6-ee11-904d-6045bdf1ea43}" behavior="0" />
      <RootComponent type="29" id="{73779c35-e8e6-ee11-904d-6045bdf1ea43}" behavior="0" />
      <RootComponent type="29" id="{75540682-24c0-ee11-9079-002248004b54}" behavior="0" />
      <RootComponent type="29" id="{76b38ef0-aa8c-f011-b4cb-000d3a7f48f2}" behavior="0" />
      <RootComponent type="29" id="{7950a1d3-7a9f-f011-bbd3-6045bdd01421}" behavior="0" />
      <RootComponent type="29" id="{7a49503c-e6e6-ee11-904d-6045bdf1ea43}" behavior="0" />
      <RootComponent type="29" id="{7ba90875-fa6d-f011-b4cb-0022483ff195}" behavior="0" />
      <RootComponent type="29" id="{7ea5da21-2e9d-f011-bbd3-6045bd13df5f}" behavior="0" />
      <RootComponent type="29" id="{7eb66d8b-36a0-f011-bbd3-6045bdd01421}" behavior="0" />
      <RootComponent type="29" id="{816c7aaa-6f8d-f011-b4cb-000d3a7f48f2}" behavior="0" />
      <RootComponent type="29" id="{8188cca3-ab8c-f011-b4cb-0022483ff24b}" behavior="0" />
      <RootComponent type="29" id="{83ba5644-3492-f011-b4cb-7c1e521d5e1a}" behavior="0" />
      <RootComponent type="29" id="{841ec9fa-3b92-f011-b4cc-000d3a7f477d}" behavior="0" />
      <RootComponent type="29" id="{847181cf-7026-f011-8c4d-002248c6f33a}" behavior="0" />
      <RootComponent type="29" id="{85149cb7-8d89-f011-b4cb-7ced8d6b4222}" behavior="0" />
      <RootComponent type="29" id="{85d2eee3-c2b0-f011-bbd3-7ced8d38c68c}" behavior="0" />
      <RootComponent type="29" id="{89178607-6f6c-f011-b4cb-0022483ff195}" behavior="0" />
      <RootComponent type="29" id="{89602479-7e26-f011-8c4d-002248c6f33a}" behavior="0" />
      <RootComponent type="29" id="{8a42c7d9-c872-f011-b4cc-0022483ff195}" behavior="0" />
      <RootComponent type="29" id="{8b81f50d-d49a-f011-b41b-7ced8d6ca6ae}" behavior="0" />
      <RootComponent type="29" id="{8c9ef63c-9c55-f011-bec2-00224840fbec}" behavior="0" />
      <RootComponent type="29" id="{8d0c10ca-41f7-ee11-a1fe-6045bdd19f4f}" behavior="0" />
      <RootComponent type="29" id="{8d3083fb-6c6c-f011-b4cb-002248433196}" behavior="0" />
      <RootComponent type="29" id="{8f4f9220-fca4-f011-bbd3-7ced8d9ad036}" behavior="0" />
      <RootComponent type="29" id="{918c4724-f6e6-ee11-904d-6045bdf1ea43}" behavior="0" />
      <RootComponent type="29" id="{922aed16-1fa5-f011-bbd3-6045bd0ec921}" behavior="0" />
      <RootComponent type="29" id="{92a0cda8-ccad-f011-bbd3-6045bdd01421}" behavior="0" />
      <RootComponent type="29" id="{9364be02-9ca2-f011-bbd3-6045bd0ec921}" behavior="0" />
      <RootComponent type="29" id="{93c7ade6-af8f-f011-b4cb-7ced8d6ca6ae}" behavior="0" />
      <RootComponent type="29" id="{96ac0330-11a5-f011-bbd3-7ced8d38c68c}" behavior="0" />
      <RootComponent type="29" id="{99e61844-ffda-ee11-904d-6045bdd0e669}" behavior="0" />
      <RootComponent type="29" id="{9aa9c642-c13f-f011-877a-7c1e522e917b}" behavior="0" />
      <RootComponent type="29" id="{9bf85a0b-f6e6-ee11-904d-6045bdf1ea43}" behavior="0" />
      <RootComponent type="29" id="{9c6f6901-c579-f011-b4cb-002248433196}" behavior="0" />
      <RootComponent type="29" id="{a097c9de-ea2c-f011-8c4d-0022481b0f48}" behavior="0" />
      <RootComponent type="29" id="{a0dd0c79-3915-f011-9989-6045bd0f82f8}" behavior="0" />
      <RootComponent type="29" id="{a17e1c53-6648-f011-877a-000d3ad545f3}" behavior="0" />
      <RootComponent type="29" id="{a221252f-50f7-ee11-a1fe-6045bdcf482e}" behavior="0" />
      <RootComponent type="29" id="{a2283662-7235-f011-8c4c-6045bd0d3ff5}" behavior="0" />
      <RootComponent type="29" id="{a23afc22-f5a4-f011-bbd3-7ced8d38c68c}" behavior="0" />
      <RootComponent type="29" id="{a28dd844-c4b0-f011-bbd3-7ced8d38c68c}" behavior="0" />
      <RootComponent type="29" id="{a5d2246d-c33f-f011-877a-7c1e522e917b}" behavior="0" />
      <RootComponent type="29" id="{a67d85d2-4153-f011-877b-7c1e5204cc9b}" behavior="0" />
      <RootComponent type="29" id="{a708dff2-38a0-f011-bbd3-6045bdd01421}" behavior="0" />
      <RootComponent type="29" id="{a7d5a6ed-6e8d-f011-b4cb-000d3a7f48f2}" behavior="0" />
      <RootComponent type="29" id="{a8f08dd3-52f6-ee11-a1fe-7c1e5204175a}" behavior="0" />
      <RootComponent type="29" id="{a9cc4bdc-caea-ee11-a1fd-7c1e5209d7fb}" behavior="0" />
      <RootComponent type="29" id="{aba5fc70-7c6c-f011-b4cb-002248433196}" behavior="0" />
      <RootComponent type="29" id="{ad06cede-5e98-f011-b41b-000d3a7e960c}" behavior="0" />
      <RootComponent type="29" id="{aeef0a39-de93-f011-b4cb-000d3ad61ba8}" behavior="0" />
      <RootComponent type="29" id="{afc3d90f-2e9d-f011-bbd3-6045bdf1c7e5}" behavior="0" />
      <RootComponent type="29" id="{b00f6b9c-52f6-ee11-a1fe-7c1e5204175a}" behavior="0" />
      <RootComponent type="29" id="{b04cc165-fb89-f011-b4cb-002248433196}" behavior="0" />
      <RootComponent type="29" id="{b1dedeb0-a167-f011-bec2-0022483ff195}" behavior="0" />
      <RootComponent type="29" id="{b2ee5379-5aa0-f011-bbd3-6045bdf1c7e5}" behavior="0" />
      <RootComponent type="29" id="{b4578c43-7bc6-ee11-9079-002248004dbc}" behavior="0" />
      <RootComponent type="29" id="{b4a626a6-b1e6-ee11-904d-6045bdf1ea43}" behavior="0" />
      <RootComponent type="29" id="{b6f554ce-aa47-f011-877a-7c1e522e917b}" behavior="0" />
      <RootComponent type="29" id="{b7c8d9c1-cdad-f011-bbd3-6045bdd01421}" behavior="0" />
      <RootComponent type="29" id="{b8dcd99c-d0ea-ee11-a1fd-7c1e5209d7fb}" behavior="0" />
      <RootComponent type="29" id="{ba0b7c22-0ad0-ee11-9079-002248004ea0}" behavior="0" />
      <RootComponent type="29" id="{bae01225-7899-f011-b41c-6045bd0f9625}" behavior="0" />
      <RootComponent type="29" id="{baee0df5-f9da-ee11-904d-6045bdf1ea43}" behavior="0" />
      <RootComponent type="29" id="{bba5eb77-c06e-f011-b4cb-0022484334b8}" behavior="0" />
      <RootComponent type="29" id="{bd20192a-3a62-f011-bec2-7c1e5204cc9b}" behavior="0" />
      <RootComponent type="29" id="{bdcb42cc-b0f5-ee11-a1fe-000d3ad53744}" behavior="0" />
      <RootComponent type="29" id="{be39d875-a38d-f011-b4cb-6045bdf1bb64}" behavior="0" />
      <RootComponent type="29" id="{beb0c870-c8f5-ee11-a1fe-000d3ad53744}" behavior="0" />
      <RootComponent type="29" id="{bf535699-f089-f011-b4cc-0022484334b8}" behavior="0" />
      <RootComponent type="29" id="{bf774f7c-4292-f011-b4cc-000d3a7f477d}" behavior="0" />
      <RootComponent type="29" id="{bfdb01e5-5f48-f011-877a-000d3ad545f3}" behavior="0" />
      <RootComponent type="29" id="{c013227d-716c-f011-b4cb-0022483ff195}" behavior="0" />
      <RootComponent type="29" id="{c16093a2-36a0-f011-bbd3-6045bdd01421}" behavior="0" />
      <RootComponent type="29" id="{c5c65201-2e9d-f011-bbd2-7c1e52654c81}" behavior="0" />
      <RootComponent type="29" id="{c607c37e-4883-f011-b4cb-002248433196}" behavior="0" />
      <RootComponent type="29" id="{c777e49b-a7d0-ee11-9079-002248004b54}" behavior="0" />
      <RootComponent type="29" id="{c79918d0-b279-f011-b4cb-0022483ff195}" behavior="0" />
      <RootComponent type="29" id="{c9eccdf2-64e8-ee11-904d-6045bdd2c716}" behavior="0" />
      <RootComponent type="29" id="{ce81359e-9bea-ee11-a1fe-6045bdd0e669}" behavior="0" />
      <RootComponent type="29" id="{ce923b9d-c2f5-ee11-a1fe-000d3ad53744}" behavior="0" />
      <RootComponent type="29" id="{ce97a580-a734-f011-8c4c-0022481b0f48}" behavior="0" />
      <RootComponent type="29" id="{cf7e86bf-eba1-f011-bbd2-6045bd13df5f}" behavior="0" />
      <RootComponent type="29" id="{d251da56-97dc-ee11-904d-6045bdf1ea43}" behavior="0" />
      <RootComponent type="29" id="{d36d19a6-9bea-ee11-a1fd-7c1e5209d7fb}" behavior="0" />
      <RootComponent type="29" id="{d3b14c3a-ec89-f011-b4cb-7c1e522ec4bc}" behavior="0" />
      <RootComponent type="29" id="{d3f07090-3792-f011-b4cc-000d3a7f477d}" behavior="0" />
      <RootComponent type="29" id="{d4ac7d4a-7126-f011-8c4d-002248c6f33a}" behavior="0" />
      <RootComponent type="29" id="{d57396f5-ec45-f011-8779-000d3ad545f3}" behavior="0" />
      <RootComponent type="29" id="{d5c3333e-87f6-ee11-a1fe-6045bdcf482e}" behavior="0" />
      <RootComponent type="29" id="{d74b4ce1-48c0-ee11-9079-0022480043c2}" behavior="0" />
      <RootComponent type="29" id="{d78186cf-63d2-ee11-9079-002248004ea0}" behavior="0" />
      <RootComponent type="29" id="{d8a2ce7e-3a62-f011-bec2-00224840fbec}" behavior="0" />
      <RootComponent type="29" id="{d8b93792-2ef7-ee11-a1fe-7c1e521d42a5}" behavior="0" />
      <RootComponent type="29" id="{d8ff3cc4-9ba2-f011-bbd3-7ced8d38e853}" behavior="0" />
      <RootComponent type="29" id="{d9afec36-d78f-f011-b4cb-6045bd0f9625}" behavior="0" />
      <RootComponent type="29" id="{decee1f2-f4a4-f011-bbd3-7ced8d38c68c}" behavior="0" />
      <RootComponent type="29" id="{df34a542-fc89-f011-b4cb-0022483ff195}" behavior="0" />
      <RootComponent type="29" id="{df558ed3-ac8c-f011-b4cb-000d3ad60bb2}" behavior="0" />
      <RootComponent type="29" id="{e01ee8fd-19a5-f011-bbd3-7c1e52654c81}" behavior="0" />
      <RootComponent type="29" id="{e0441600-5b4c-f011-877b-6045bd0d3ff5}" behavior="0" />
      <RootComponent type="29" id="{e15d6fdc-6bca-ee11-9079-002248004b54}" behavior="0" />
      <RootComponent type="29" id="{e292a128-a38d-f011-b4cb-6045bdf1bb64}" behavior="0" />
      <RootComponent type="29" id="{e5540580-6f8d-f011-b4cb-000d3a7f48f2}" behavior="0" />
      <RootComponent type="29" id="{e617825a-708d-f011-b4cb-0022483ff24b}" behavior="0" />
      <RootComponent type="29" id="{e71fcee5-7f26-f011-8c4d-6045bd0d3ff5}" behavior="0" />
      <RootComponent type="29" id="{e8090a67-f4a4-f011-bbd3-7ced8d38c68c}" behavior="0" />
      <RootComponent type="29" id="{ebfa1e10-53f6-ee11-a1fe-7c1e5204175a}" behavior="0" />
      <RootComponent type="29" id="{ec0d3dce-7bd1-ee11-9078-002248004c78}" behavior="0" />
      <RootComponent type="29" id="{ef0e1a2c-0de6-ee11-904d-6045bdf1ea43}" behavior="0" />
      <RootComponent type="29" id="{efafdb85-e1e6-ee11-904d-6045bdf1ea43}" behavior="0" />
      <RootComponent type="29" id="{f2b9de08-a6e6-ee11-904d-6045bdf1ea43}" behavior="0" />
      <RootComponent type="29" id="{f3dc77c0-7999-f011-b41b-7ced8d9c519d}" behavior="0" />
      <RootComponent type="29" id="{f4c20c26-6c6c-f011-b4cb-002248433196}" behavior="0" />
      <RootComponent type="29" id="{f58a0f82-a5e6-ee11-904d-6045bdd0e669}" behavior="0" />
      <RootComponent type="29" id="{f59296ce-2778-f011-b4cb-002248433196}" behavior="0" />
      <RootComponent type="29" id="{f65d8175-ccea-ee11-a1fd-7c1e5209d7fb}" behavior="0" />
      <RootComponent type="29" id="{f7e86c48-3915-f011-9989-6045bd0f82f8}" behavior="0" />
      <RootComponent type="29" id="{f81d20b9-b342-f011-877a-7c1e522e8518}" behavior="0" />
      <RootComponent type="29" id="{f902b66e-776c-f011-b4cb-0022483ff195}" behavior="0" />
      <RootComponent type="29" id="{f95e1f99-06a5-f011-bbd3-7ced8d9ad036}" behavior="0" />
      <RootComponent type="29" id="{f9e6e2ed-08a5-f011-bbd3-6045bdf1c7e5}" behavior="0" />
      <RootComponent type="29" id="{fabede4d-5ce8-ee11-904d-6045bdd2c716}" behavior="0" />
      <RootComponent type="29" id="{fbda33b7-b1ea-ee11-a1fe-6045bdd0e669}" behavior="0" />
      <RootComponent type="29" id="{fbf24a72-926c-f011-b4cb-0022483ff195}" behavior="0" />
      <RootComponent type="60" id="{5d3ff66d-628d-f011-b4cb-7c1e52028308}" />
      <RootComponent type="60" id="{8a8d9b2b-a28d-f011-b4cb-7c1e52028308}" behavior="0" />
      <RootComponent type="60" id="{9e050435-7edc-ee11-904d-6045bdf1ea43}" behavior="0" />
      <RootComponent type="60" id="{9e18f10e-c9fc-ee11-a1fe-6045bdfc99dd}" behavior="0" />
      <RootComponent type="60" id="{a9b98327-1c8e-f011-b4cb-7ced8d6ca6ae}" behavior="0" />
      <RootComponent type="60" id="{d4fb80e1-d28c-f011-b4cb-7ced8d6be8f0}" behavior="0" />
      <RootComponent type="60" id="{ff0fb09d-b9d7-ee11-904d-6045bdd0e669}" behavior="0" />
      <RootComponent type="61" schemaName="cr48e_SetPaymentBPF" behavior="0" />
      <RootComponent type="61" schemaName="gap_accessibilitystatus" behavior="0" />
      <RootComponent type="61" schemaName="gap_co_logo.jpg" behavior="0" />
      <RootComponent type="61" schemaName="gap_erroricon" behavior="0" />
      <RootComponent type="61" schemaName="gap_FilterUserLookup" behavior="0" />
      <RootComponent type="61" schemaName="gap_hideSectionsScheme" behavior="0" />
      <RootComponent type="61" schemaName="gap_inboundicon" behavior="0" />
      <RootComponent type="61" schemaName="gap_IntegratedScoringDialog" behavior="0" />
      <RootComponent type="61" schemaName="gap_IntegratedScoringDialogObjective" behavior="0" />
      <RootComponent type="61" schemaName="gap_IntegratedScoringDialogSubjective" behavior="0" />
      <RootComponent type="61" schemaName="gap_lockFields.js" behavior="0" />
      <RootComponent type="61" schemaName="gap_LockRequestFields" behavior="0" />
      <RootComponent type="61" schemaName="gap_MonitoringActivityFormComponentVisibility" behavior="0" />
      <RootComponent type="61" schemaName="gap_MonitoringChecklistDialog" behavior="0" />
      <RootComponent type="61" schemaName="gap_OpenReassignApplication" behavior="0" />
      <RootComponent type="61" schemaName="gap_OpenReassignReviewerForm" behavior="0" />
      <RootComponent type="61" schemaName="gap_outboundicon" behavior="0" />
      <RootComponent type="61" schemaName="gap_quickcreate" behavior="0" />
      <RootComponent type="61" schemaName="gap_reviewButtonVisibility" behavior="0" />
      <RootComponent type="61" schemaName="gap_setAwardTabVisibility" behavior="0" />
      <RootComponent type="61" schemaName="gap_SetCustomView" behavior="0" />
      <RootComponent type="61" schemaName="gap_SetDropdownVisibility" behavior="0" />
      <RootComponent type="61" schemaName="gap_SetGfaTab" behavior="0" />
      <RootComponent type="61" schemaName="gap_setIFrameSource" behavior="0" />
      <RootComponent type="61" schemaName="gap_setvisibilityofoutcometab" behavior="0" />
      <RootComponent type="61" schemaName="gap_ShowResponseMappingSubgrid" behavior="0" />
      <RootComponent type="61" schemaName="gap_statusmessage" behavior="0" />
      <RootComponent type="61" schemaName="gap_timelogger" behavior="0" />
      <RootComponent type="61" schemaName="gap_toggleBPF" behavior="0" />
      <RootComponent type="61" schemaName="gap_toggleMonitoringActivityBPF" behavior="0" />
      <RootComponent type="61" schemaName="gap_togglesubgrid" behavior="0" />
      <RootComponent type="61" schemaName="gap_Untitleddesign" behavior="0" />
      <RootComponent type="61" schemaName="gap_usericon" behavior="0" />
      <RootComponent type="61" schemaName="gap_usericonv2" behavior="0" />
      <RootComponent type="61" schemaName="gap_usericonv3" behavior="0" />
      <RootComponent type="62" schemaName="gap_DEMO" behavior="0" />
      <RootComponent type="66" schemaName="gap_GGMS.InlineFrame" behavior="0" />
      <RootComponent type="70" id="{624d5a5c-76bb-ee11-a569-0022480042fd}" behavior="0" />
      <RootComponent type="80" schemaName="gap_DEMO" behavior="0" />
      <RootComponent type="91" id="{e4b3b553-ca7a-4126-bf46-9eafef991c49}" schemaName="Applicant Response Processing, Version=1.0.0.0, Culture=neutral, PublicKeyToken=4b455c25f8e70238" behavior="0" />
      <RootComponent type="91" id="{f4857bc6-c96e-4988-96d4-c3ae5786dc5b}" schemaName="GenerateUserList, Version=1.0.0.0, Culture=neutral, PublicKeyToken=2c639dffc3ac5694" behavior="0" />
      <RootComponent type="91" id="{ebce3367-f6d4-4deb-a4ae-2fb5691539de}" schemaName="GGMS Core Plugins, Version=1.0.0.0, Culture=neutral, PublicKeyToken=5b82e4e020b1d527" behavior="0" />
      <RootComponent type="91" id="{74aa7f5f-908e-4362-b927-0ec808aba5c4}" schemaName="GGMS Plugins, Version=1.0.0.0, Culture=neutral, PublicKeyToken=e2aa61dae6d0e200" behavior="0" />
      <RootComponent type="91" id="{04b66885-6249-4738-b935-280283a10160}" schemaName="PermissionsPlugIn, Version=1.0.0.0, Culture=neutral, PublicKeyToken=95e9344454fa6856" behavior="0" />
      <RootComponent type="91" id="{c5f5a70c-e622-411b-9f58-3ab00ec3c154}" schemaName="ProcessGfaPdf, Version=1.0.0.0, Culture=neutral, PublicKeyToken=5d610c3e41c6fcc9" behavior="0" />
      <RootComponent type="91" id="{4194526e-c492-4890-bc9c-1a7355d2e476}" schemaName="ProcessGfaPdfMerged, Version=1.0.0.0, Culture=neutral, PublicKeyToken=5d610c3e41c6fcc9" behavior="0" />
      <RootComponent type="91" id="{b7edb9ac-6bf4-4d1a-8de8-2979144c561d}" schemaName="updateSchemeBPFActiveStage, Version=1.0.0.0, Culture=neutral, PublicKeyToken=a5e31ed67497dffe" behavior="0" />
      <RootComponent type="92" id="{00d5d32e-d566-f011-b4cb-7ced8d3ad3ea}" behavior="0" />
      <RootComponent type="92" id="{03319600-d266-f011-bec2-0022483ff195}" behavior="0" />
      <RootComponent type="92" id="{0ce01219-d166-f011-bec2-0022483ff195}" behavior="0" />
      <RootComponent type="92" id="{19542a50-ab4b-f011-877b-7c1e522e917b}" behavior="0" />
      <RootComponent type="92" id="{41b9537e-d266-f011-b4cb-7ced8d3ad3ea}" behavior="0" />
      <RootComponent type="92" id="{5b88df5f-d566-f011-bec2-002248433196}" behavior="0" />
      <RootComponent type="92" id="{705f0836-d166-f011-b4cb-7ced8d3ad3ea}" behavior="0" />
      <RootComponent type="92" id="{7f4ad533-d266-f011-bec2-0022483ff195}" behavior="0" />
      <RootComponent type="92" id="{854381bc-d166-f011-bec2-002248433196}" behavior="0" />
      <RootComponent type="92" id="{85f6f069-d366-f011-b4cb-7ced8d3ad3ea}" behavior="0" />
      <RootComponent type="92" id="{8bdfd185-d366-f011-bec2-002248433196}" behavior="0" />
      <RootComponent type="92" id="{969ea93c-d366-f011-bec2-0022483ff195}" behavior="0" />
      <RootComponent type="92" id="{a116908f-d666-f011-bec2-002248433196}" behavior="0" />
      <RootComponent type="92" id="{b78c7297-d566-f011-b4cb-7ced8d3ad3ea}" behavior="0" />
      <RootComponent type="92" id="{ba452573-d666-f011-bec2-0022483ff195}" behavior="0" />
      <RootComponent type="92" id="{c3170c0e-d766-f011-bec2-002248433196}" behavior="0" />
      <RootComponent type="92" id="{c501a5c5-d666-f011-bec2-0022483ff195}" behavior="0" />
      <RootComponent type="92" id="{df064dff-d066-f011-bec2-0022483ff195}" behavior="0" />
      <RootComponent type="92" id="{f052c764-d066-f011-bec2-002248433196}" behavior="0" />
      <RootComponent type="92" id="{f092d3e5-d166-f011-bec2-0022483ff195}" behavior="0" />
      <RootComponent type="300" schemaName="gap_components_4d806" behavior="0" />
      <RootComponent type="300" schemaName="gap_demodefaultcommandlibrary_7c943" behavior="0" />
      <RootComponent type="300" schemaName="gap_integratedscoringchecklist_a1c7f" behavior="0" />
      <RootComponent type="300" schemaName="gap_monitoringv1_a3e3e" behavior="0" />
      <RootComponent type="300" schemaName="gap_reassignapplicationownerform_4b3a9" behavior="0" />
      <RootComponent type="300" schemaName="gap_reassignapplicationownerv2bulk_11c68" behavior="0" />
      <RootComponent type="300" schemaName="gap_reassignapplicationownerv2_50e5b" behavior="0" />
      <RootComponent type="300" schemaName="gap_reassignreviewerform_eacd7" behavior="0" />
      <RootComponent type="300" schemaName="gap_responseexplorer_05ff6" behavior="0" />
      <RootComponent type="300" schemaName="gap_scoringchecklistv2_d0366" behavior="0" />
      <RootComponent type="372" id="{c54c6ec0-6a7f-489d-8350-b8d0d9b70d49}" schemaName="gap_5Ffind-20a-20grant-20v2" behavior="0" />
      <RootComponent type="401" id="{19818f02-5d19-4d7f-9936-9c8e37b3b4d4}" behavior="0" />
      <RootComponent type="401" id="{d8f4d672-0aa0-4c1b-955b-8569e9b1f343}" behavior="0" />
      <RootComponent type="401" id="{ed40d2e5-6aa5-4c28-a54c-4814b19f5563}" behavior="0" />
    </RootComponents>
    <MissingDependencies>
      <MissingDependency>
        <Required type="1" schemaName="environmentvariabledefinition" displayName="Environment Variable Definition" solution="EnvironmentVariables (1.0.2406.4)">
          <package appName="EnvironmentVariables" version="1.0.2406.4">EnvironmentVariablesSolutionAnchor (1.0.2406.4)</package>
        </Required>
        <Dependent type="300" schemaName="gap_demodefaultcommandlibrary_7c943" displayName="DEMO_DefaultCommandLibrary" />
      </MissingDependency>
      <MissingDependency>
        <Required type="1" schemaName="environmentvariablevalue" displayName="Environment Variable Value" solution="EnvironmentVariables (1.0.2406.4)">
          <package appName="EnvironmentVariables" version="1.0.2406.4">EnvironmentVariablesSolutionAnchor (1.0.2406.4)</package>
        </Required>
        <Dependent type="300" schemaName="gap_demodefaultcommandlibrary_7c943" displayName="DEMO_DefaultCommandLibrary" />
      </MissingDependency>
      <MissingDependency>
        <Required type="1" schemaName="environmentvariablevalue" displayName="Environment Variable Value" solution="EnvironmentVariables (1.0.2406.4)">
          <package appName="EnvironmentVariables" version="1.0.2406.4">EnvironmentVariablesSolutionAnchor (1.0.2406.4)</package>
        </Required>
        <Dependent type="300" schemaName="gap_integratedscoringchecklist_a1c7f" displayName="Integrated Scoring Checklist" />
      </MissingDependency>
      <MissingDependency>
        <Required type="1" schemaName="mspp_entityform" displayName="Basic Form" solution="PowerPages_Apps (1.0.2509.3)">
          <package appName="Power Pages Core Package" version="1.1.2508.192">PowerPages_Core (1.1.2508.192)</package>
        </Required>
        <Dependent type="80" schemaName="gap_DEMO" displayName="Grant Life-cycle Utility (GLU) - Beta Service" />
      </MissingDependency>
      <MissingDependency>
        <Required type="20" displayName="Environment Maker" solution="SolutionComponentConfiguration (9.1.1.1)" id="{d58407f2-48d5-e711-a82c-000d3a37c848}">
          <package appName="Solution History Package" version="9.1.0.10">SolutionHistoryAnchor (9.1.0.10)</package>
        </Required>
        <Dependent type="60" displayName="Overview v0.1" id="{9e18f10e-c9fc-ee11-a1fe-6045bdfc99dd}" />
      </MissingDependency>
      <MissingDependency>
        <Required type="26" schemaName="Users deleted in tenant but exist in the environment" displayName="Users deleted in tenant but exist in the environment" parentSchemaName="systemuser" parentDisplayName="User" solution="AuthorizationCore (1.126.0.0)" id="{19487f2f-8405-4d59-8f8b-4eda98d4f302}">
          <package appName="Authorization Package" version="1.7.0.0">msft_PrivilegeChecker (1.7.0.0)</package>
        </Required>
        <Dependent type="60" displayName="Information" parentDisplayName="Review" id="{68e77518-a7b4-43c3-aafc-9a899a8032b3}" />
      </MissingDependency>
      <MissingDependency>
        <Required type="26" schemaName="Power Pages Users" displayName="Power Pages Users" parentSchemaName="systemuser" parentDisplayName="User" solution="AuthorizationCore (1.126.0.0)" id="{1fe05f14-0074-49e3-b55d-0af1fd0a2b85}">
          <package appName="Authorization Package" version="1.7.0.0">msft_PrivilegeChecker (1.7.0.0)</package>
        </Required>
        <Dependent type="60" displayName="Information" parentDisplayName="Review" id="{68e77518-a7b4-43c3-aafc-9a899a8032b3}" />
      </MissingDependency>
      <MissingDependency>
        <Required type="26" schemaName="Stub Users" displayName="Stub Users" parentSchemaName="systemuser" parentDisplayName="User" solution="AuthorizationCore (1.126.0.0)" id="{490b1410-d231-46b0-b5fa-60017b21ab14}">
          <package appName="Authorization Package" version="1.7.0.0">msft_PrivilegeChecker (1.7.0.0)</package>
        </Required>
        <Dependent type="60" displayName="Information" parentDisplayName="Review" id="{68e77518-a7b4-43c3-aafc-9a899a8032b3}" />
      </MissingDependency>
      <MissingDependency>
        <Required type="26" schemaName="Soft deleted Users" displayName="Soft deleted Users" parentSchemaName="systemuser" parentDisplayName="User" solution="AuthorizationCore (1.126.0.0)" id="{5fda842a-004b-42b4-a611-b93c2c69667e}">
          <package appName="Authorization Package" version="1.7.0.0">msft_PrivilegeChecker (1.7.0.0)</package>
        </Required>
        <Dependent type="60" displayName="Information" parentDisplayName="Review" id="{68e77518-a7b4-43c3-aafc-9a899a8032b3}" />
      </MissingDependency>
      <MissingDependency>
        <Required type="60" displayName="account contact card" parentDisplayName="Contact" solution="msdynce_AppCommon (9.0.4.0066)" id="{29de27bc-a257-4f29-99cf-bab4a84e688f}">
          <package appName="msdynce_AppCommon" version="9.0.25101.10001">msdynce_AppCommonAnchor (9.0.25101.10001)</package>
        </Required>
        <Dependent type="80" schemaName="gap_DEMO" displayName="Grant Life-cycle Utility (GLU) - Beta Service" />
      </MissingDependency>
      <MissingDependency>
        <Required type="60" displayName="Live Persona Card Form" parentDisplayName="Contact" solution="msdynce_AppCommonPatch201904 (9.0.25101.10001)" id="{449faa0e-f471-48ec-87d0-4719909546d2}">
          <package appName="msdynce_AppCommon" version="9.0.25101.10001">msdynce_AppCommonAnchor (9.0.25101.10001)</package>
        </Required>
        <Dependent type="80" schemaName="gap_DEMO" displayName="Grant Life-cycle Utility (GLU) - Beta Service" />
      </MissingDependency>
      <MissingDependency>
        <Required type="60" displayName="Contact Quick Create" parentDisplayName="Contact" solution="msdynce_AppCommon (9.0.4.0066)" id="{661157fe-2fc9-4eaa-835f-5bfa2f7b64f7}">
          <package appName="msdynce_AppCommon" version="9.0.25101.10001">msdynce_AppCommonAnchor (9.0.25101.10001)</package>
        </Required>
        <Dependent type="80" schemaName="gap_DEMO" displayName="Grant Life-cycle Utility (GLU) - Beta Service" />
      </MissingDependency>
      <MissingDependency>
        <Required type="60" displayName="contact card" parentDisplayName="Contact" solution="msdynce_AppCommon (9.0.4.0066)" id="{707fc57b-c5e6-471b-a180-e37ed28a38e2}">
          <package appName="msdynce_AppCommon" version="9.0.25101.10001">msdynce_AppCommonAnchor (9.0.25101.10001)</package>
        </Required>
        <Dependent type="80" schemaName="gap_DEMO" displayName="Grant Life-cycle Utility (GLU) - Beta Service" />
      </MissingDependency>
      <MissingDependency>
        <Required type="60" displayName="Social Profiles" parentDisplayName="Contact" solution="msdynce_AppCommon (9.0.4.0066)" id="{7bb87dfd-ec3e-4ed9-8e3e-5725d3067295}">
          <package appName="msdynce_AppCommon" version="9.0.25101.10001">msdynce_AppCommonAnchor (9.0.25101.10001)</package>
        </Required>
        <Dependent type="80" schemaName="gap_DEMO" displayName="Grant Life-cycle Utility (GLU) - Beta Service" />
      </MissingDependency>
      <MissingDependency>
        <Required type="60" displayName="Contact Quick Form" parentDisplayName="Contact" solution="msdynce_AppCommon (9.0.4.0066)" id="{bdb0ae1c-32fa-4374-b637-8dafe107bc44}">
          <package appName="msdynce_AppCommon" version="9.0.25101.10001">msdynce_AppCommonAnchor (9.0.25101.10001)</package>
        </Required>
        <Dependent type="80" schemaName="gap_DEMO" displayName="Grant Life-cycle Utility (GLU) - Beta Service" />
      </MissingDependency>
      <MissingDependency>
        <Required type="60" displayName="Contact Reference Panel" parentDisplayName="Contact" solution="msdynce_AppCommon (9.0.4.0066)" id="{d880c3cf-80e2-42f3-82f9-24d040d09f17}">
          <package appName="msdynce_AppCommon" version="9.0.25101.10001">msdynce_AppCommonAnchor (9.0.25101.10001)</package>
        </Required>
        <Dependent type="80" schemaName="gap_DEMO" displayName="Grant Life-cycle Utility (GLU) - Beta Service" />
      </MissingDependency>
      <MissingDependency>
        <Required type="60" displayName="Recent Cases and Entitlements" parentDisplayName="Contact" solution="msdynce_AppCommon (9.0.4.0066)" id="{f3b707fb-3b5f-45f9-9c6b-5e573bb5d19e}">
          <package appName="msdynce_AppCommon" version="9.0.25101.10001">msdynce_AppCommonAnchor (9.0.25101.10001)</package>
        </Required>
        <Dependent type="80" schemaName="gap_DEMO" displayName="Grant Life-cycle Utility (GLU) - Beta Service" />
      </MissingDependency>
      <MissingDependency>
        <Required type="61" schemaName="cc_MscrmControls.AppCommon.AppManagement.ApplicationManagementControl/ApplicationManagementControl.js" displayName="cc_MscrmControls.AppCommon.AppManagement.ApplicationManagementControl/ApplicationManagementControl.js" solution="msdynce_AppCommon (9.0.4.0066)">
          <package appName="msdynce_AppCommon" version="9.0.25101.10001">msdynce_AppCommonAnchor (9.0.25101.10001)</package>
        </Required>
        <Dependent type="60" displayName="Information" parentDisplayName="Application" id="{d4761a72-a2ea-455d-ab23-bc351348e350}" />
      </MissingDependency>
      <MissingDependency>
        <Required type="61" schemaName="msdyn_CopilotIcon.svg" displayName="msdyn_CopilotIcon.svg" solution="msdyn_AppCopilotFeatures (9.2.2025062.250606027)">
          <package appName="PowerAppsAppCopilotApp Package" version="1.0.0.2">msdyn_SuggestedAction (1.0.0.2)</package>
        </Required>
        <Dependent type="appaction" displayName="gap__msdyn_Mscrm.Form.Copilot.Summarize!gap_DEMO!gap_application!0" id.uniquename="gap__msdyn_Mscrm.Form.Copilot.Summarize!gap_DEMO!gap_application!0" />
      </MissingDependency>
      <MissingDependency>
        <Required type="61" schemaName="msdyn_CopilotSummarizeLibrary.js" displayName="msdyn_CopilotSummarizeLibrary.js" solution="msdyn_AppCopilotFeatures (9.2.2025062.250606027)">
          <package appName="PowerAppsAppCopilotApp Package" version="1.0.0.2">msdyn_SuggestedAction (1.0.0.2)</package>
        </Required>
        <Dependent type="appaction" displayName="gap__msdyn_Mscrm.Form.Copilot.Summarize!gap_DEMO!gap_application!0" id.uniquename="gap__msdyn_Mscrm.Form.Copilot.Summarize!gap_DEMO!gap_application!0" />
      </MissingDependency>
      <MissingDependency>
        <Required type="61" schemaName="mspp_entity_forms.svg" displayName="mspp_entity_forms.svg" solution="PowerPages_AppResources (1.0.2505.0)">
          <package appName="Power Pages Core Package" version="1.1.2508.192">PowerPages_Core (1.1.2508.192)</package>
        </Required>
        <Dependent type="62" schemaName="gap_DEMO" />
      </MissingDependency>
      <MissingDependency>
        <Required type="61" schemaName="mspp_web_page_access_control_rules.svg" displayName="mspp_web_page_access_control_rules.svg" solution="PowerPages_AppResources (1.0.2505.0)">
          <package appName="Power Pages Core Package" version="1.1.2508.192">PowerPages_Core (1.1.2508.192)</package>
        </Required>
        <Dependent type="62" schemaName="gap_DEMO" />
      </MissingDependency>
      <MissingDependency>
        <Required type="66" schemaName="Microsoft.PowerApps.PowerAppsOneGrid" displayName="Microsoft.PowerApps.PowerAppsOneGrid" solution="BaseCustomControlsCore (9.0.2510.1012)">
          <package appName="Base Custom Controls" version="9.0.2509.2012">BaseCustomControlsCore (9.0.2509.2012)</package>
        </Required>
        <Dependent type="60" displayName="Information" parentDisplayName="Application" id="{d4761a72-a2ea-455d-ab23-bc351348e350}" />
      </MissingDependency>
      <MissingDependency>
        <Required type="66" schemaName="Microsoft.PowerApps.PowerAppsOneGrid" displayName="Microsoft.PowerApps.PowerAppsOneGrid" solution="BaseCustomControlsCore (9.0.2510.1012)">
          <package appName="Base Custom Controls" version="9.0.2509.2012">BaseCustomControlsCore (9.0.2509.2012)</package>
        </Required>
        <Dependent type="68" id="{0ccc4cd6-c969-4486-b426-bf8b19402e53}" />
      </MissingDependency>
      <MissingDependency>
        <Required type="66" schemaName="pmav_Maverick.Controls.CustomLabel" displayName="pmav_Maverick.Controls.CustomLabel" solution="Active" />
        <Dependent type="60" displayName="Information" parentDisplayName="Scoring Template Question" id="{05140fa2-a370-4dcd-912f-3e929f692d52}" />
      </MissingDependency>
      <MissingDependency>
        <Required type="66" schemaName="pmav_Maverick.Controls.CustomLabel" displayName="pmav_Maverick.Controls.CustomLabel" solution="Active" />
        <Dependent type="60" displayName="Information" parentDisplayName="Monitoring Checklist Question Template" id="{0f0d8009-2622-4bcf-a2ee-2baf4f308419}" />
      </MissingDependency>
      <MissingDependency>
        <Required type="66" schemaName="pmav_Maverick.Controls.CustomLabel" displayName="pmav_Maverick.Controls.CustomLabel" solution="Active" />
        <Dependent type="60" displayName="Information" parentDisplayName="Monitoring Activity Template" id="{1a3d0f13-2bac-4d05-9865-8143d9eb232d}" />
      </MissingDependency>
      <MissingDependency>
        <Required type="66" schemaName="pmav_Maverick.Controls.CustomLabel" displayName="pmav_Maverick.Controls.CustomLabel" solution="Active" />
        <Dependent type="60" displayName="Information" parentDisplayName="Integration File" id="{4bde4a5e-8e73-4614-af79-4906f9cb70d2}" />
      </MissingDependency>
      <MissingDependency>
        <Required type="66" schemaName="pmav_Maverick.Controls.CustomLabel" displayName="pmav_Maverick.Controls.CustomLabel" solution="Active" />
        <Dependent type="60" displayName="Information" parentDisplayName="Document" id="{5c6dff52-c6f3-490d-99e6-4fa770340841}" />
      </MissingDependency>
      <MissingDependency>
        <Required type="66" schemaName="pmav_Maverick.Controls.CustomLabel" displayName="pmav_Maverick.Controls.CustomLabel" solution="Active" />
        <Dependent type="60" displayName="Information" parentDisplayName="Monitoring Activity" id="{720ac2df-34bb-4563-8dca-e02066728cf4}" />
      </MissingDependency>
      <MissingDependency>
        <Required type="66" schemaName="pmav_Maverick.Controls.CustomLabel" displayName="pmav_Maverick.Controls.CustomLabel" solution="Active" />
        <Dependent type="60" displayName="Information" parentDisplayName="Application" id="{d4761a72-a2ea-455d-ab23-bc351348e350}" />
      </MissingDependency>
      <MissingDependency>
        <Required type="66" schemaName="pmav_Maverick.Controls.CustomLabel" displayName="pmav_Maverick.Controls.CustomLabel" solution="Active" />
        <Dependent type="60" displayName="Information" parentDisplayName="Scheme" id="{e65dde12-7277-4f67-97f8-a1d137513ab2}" />
      </MissingDependency>
      <MissingDependency>
        <Required type="66" schemaName="psg_psg369.ChoicePcf.MultiSelectOptionset" displayName="psg_psg369.ChoicePcf.MultiSelectOptionset" solution="FluentUIChoicePcf (1.0)" />
        <Dependent type="60" displayName="Information" parentDisplayName="Scheme" id="{e65dde12-7277-4f67-97f8-a1d137513ab2}" />
      </MissingDependency>
      <MissingDependency>
        <Required type="appactionrule" displayName="msdyn_Mscrm.CopilotClientApi!1" solution="msdyn_AppCopilotFeatures (9.2.2025062.250606027)" id.uniquename="msdyn_Mscrm.CopilotClientApi!1">
          <package appName="PowerAppsAppCopilotApp Package" version="1.0.0.2">msdyn_SuggestedAction (1.0.0.2)</package>
        </Required>
        <Dependent type="appaction_appactionrule_classicrules" displayName="appactionid.uniquename=gap__msdyn_Mscrm.Form.Copilot.Summarize!gap_DEMO!gap_application!0,appactionruleid.uniquename=msdyn_Mscrm.CopilotClientApi!1" id.appactionid.uniquename="gap__msdyn_Mscrm.Form.Copilot.Summarize!gap_DEMO!gap_application!0" id.appactionruleid.uniquename="msdyn_Mscrm.CopilotClientApi!1" />
      </MissingDependency>
      <MissingDependency>
        <Required type="appactionrule" displayName="msdyn_Mscrm.EnableCopilotSummarizeCommandButton!1" solution="msdyn_AppCopilotFeatures (9.2.2025062.250606027)" id.uniquename="msdyn_Mscrm.EnableCopilotSummarizeCommandButton!1">
          <package appName="PowerAppsAppCopilotApp Package" version="1.0.0.2">msdyn_SuggestedAction (1.0.0.2)</package>
        </Required>
        <Dependent type="appaction_appactionrule_classicrules" displayName="appactionid.uniquename=gap__msdyn_Mscrm.Form.Copilot.Summarize!gap_DEMO!gap_application!0,appactionruleid.uniquename=msdyn_Mscrm.EnableCopilotSummarizeCommandButton!1" id.appactionid.uniquename="gap__msdyn_Mscrm.Form.Copilot.Summarize!gap_DEMO!gap_application!0" id.appactionruleid.uniquename="msdyn_Mscrm.EnableCopilotSummarizeCommandButton!1" />
      </MissingDependency>
      <MissingDependency>
        <Required type="appactionrule" displayName="msdyn_Mscrm.EnableCopilotSummarizeFeatures!1" solution="msdyn_AppCopilotFeatures (9.2.2025062.250606027)" id.uniquename="msdyn_Mscrm.EnableCopilotSummarizeFeatures!1">
          <package appName="PowerAppsAppCopilotApp Package" version="1.0.0.2">msdyn_SuggestedAction (1.0.0.2)</package>
        </Required>
        <Dependent type="appaction_appactionrule_classicrules" displayName="appactionid.uniquename=gap__msdyn_Mscrm.Form.Copilot.Summarize!gap_DEMO!gap_application!0,appactionruleid.uniquename=msdyn_Mscrm.EnableCopilotSummarizeFeatures!1" id.appactionid.uniquename="gap__msdyn_Mscrm.Form.Copilot.Summarize!gap_DEMO!gap_application!0" id.appactionruleid.uniquename="msdyn_Mscrm.EnableCopilotSummarizeFeatures!1" />
      </MissingDependency>
      <MissingDependency>
        <Required type="appactionrule" displayName="msdyn_Mscrm.FormStateNotNew!0" solution="msdyn_SystemAppActions (9.1.0.57)" id.uniquename="msdyn_Mscrm.FormStateNotNew!0">
          <package appName="PowerAppsActions Package" version="9.1.0.57">PowerAppsActions_Anchor (9.1.0.57)</package>
        </Required>
        <Dependent type="appaction_appactionrule_classicrules" displayName="appactionid.uniquename=gap__msdyn_Mscrm.Form.Copilot.Summarize!gap_DEMO!gap_application!0,appactionruleid.uniquename=msdyn_Mscrm.FormStateNotNew!0" id.appactionid.uniquename="gap__msdyn_Mscrm.Form.Copilot.Summarize!gap_DEMO!gap_application!0" id.appactionruleid.uniquename="msdyn_Mscrm.FormStateNotNew!0" />
      </MissingDependency>
      <MissingDependency>
        <Required type="appactionrule" displayName="msdyn_Mscrm.HideOnMobile!0" solution="msdyn_AppCopilotFeatures (9.2.2025062.250606027)" id.uniquename="msdyn_Mscrm.HideOnMobile!0">
          <package appName="PowerAppsAppCopilotApp Package" version="1.0.0.2">msdyn_SuggestedAction (1.0.0.2)</package>
        </Required>
        <Dependent type="appaction_appactionrule_classicrules" displayName="appactionid.uniquename=gap__msdyn_Mscrm.Form.Copilot.Summarize!gap_DEMO!gap_application!0,appactionruleid.uniquename=msdyn_Mscrm.HideOnMobile!0" id.appactionid.uniquename="gap__msdyn_Mscrm.Form.Copilot.Summarize!gap_DEMO!gap_application!0" id.appactionruleid.uniquename="msdyn_Mscrm.HideOnMobile!0" />
      </MissingDependency>
      <MissingDependency>
        <Required type="appactionrule" displayName="msdyn_Mscrm.InitializeCopilotSidePaneOnBoot!1" solution="msdyn_AppCopilotFeatures (9.2.2025062.250606027)" id.uniquename="msdyn_Mscrm.InitializeCopilotSidePaneOnBoot!1">
          <package appName="PowerAppsAppCopilotApp Package" version="1.0.0.2">msdyn_SuggestedAction (1.0.0.2)</package>
        </Required>
        <Dependent type="appaction_appactionrule_classicrules" displayName="appactionid.uniquename=gap__msdyn_Mscrm.Form.Copilot.Summarize!gap_DEMO!gap_application!0,appactionruleid.uniquename=msdyn_Mscrm.InitializeCopilotSidePaneOnBoot!1" id.appactionid.uniquename="gap__msdyn_Mscrm.Form.Copilot.Summarize!gap_DEMO!gap_application!0" id.appactionruleid.uniquename="msdyn_Mscrm.InitializeCopilotSidePaneOnBoot!1" />
      </MissingDependency>
      <MissingDependency>
        <Required type="appactionrule" displayName="msdyn_Mscrm.IsAppCopilotEnabled!0" solution="msdyn_AppCopilotFeatures (9.2.2025062.250606027)" id.uniquename="msdyn_Mscrm.IsAppCopilotEnabled!0">
          <package appName="PowerAppsAppCopilotApp Package" version="1.0.0.2">msdyn_SuggestedAction (1.0.0.2)</package>
        </Required>
        <Dependent type="appaction_appactionrule_classicrules" displayName="appactionid.uniquename=gap__msdyn_Mscrm.Form.Copilot.Summarize!gap_DEMO!gap_application!0,appactionruleid.uniquename=msdyn_Mscrm.IsAppCopilotEnabled!0" id.appactionid.uniquename="gap__msdyn_Mscrm.Form.Copilot.Summarize!gap_DEMO!gap_application!0" id.appactionruleid.uniquename="msdyn_Mscrm.IsAppCopilotEnabled!0" />
      </MissingDependency>
      <MissingDependency>
        <Required type="SettingDefinition" displayName="AppChannel" solution="msdyn_AppFrameworkInfraExtensions (1.0.0.15)" id.uniquename="AppChannel">
          <package appName="PowerAppsAppFramework Package" version="1.0.0.23">PowerAppsAppFramework_Anchor (1.0.0.23)</package>
        </Required>
        <Dependent type="AppSetting" displayName="parentappmoduleid.uniquename=gap_DEMO,settingdefinitionid.uniquename=AppChannel" id.parentappmoduleid.uniquename="gap_DEMO" id.settingdefinitionid.uniquename="AppChannel" />
      </MissingDependency>
      <MissingDependency>
        <Required type="SettingDefinition" displayName="NewLookModernExperienceOct2023" solution="msdyn_AppFrameworkInfraExtensions (1.0.0.15)" id.uniquename="NewLookModernExperienceOct2023">
          <package appName="PowerAppsAppFramework Package" version="1.0.0.23">PowerAppsAppFramework_Anchor (1.0.0.23)</package>
        </Required>
        <Dependent type="AppSetting" displayName="parentappmoduleid.uniquename=gap_DEMO,settingdefinitionid.uniquename=NewLookModernExperienceOct2023" id.parentappmoduleid.uniquename="gap_DEMO" id.settingdefinitionid.uniquename="NewLookModernExperienceOct2023" />
      </MissingDependency>
      <MissingDependency>
        <Required type="2" schemaName="address1_addresstypecode" displayName="address1_addresstypecode" parentSchemaName="account" solution="System (5.0)" />
        <Dependent type="2" schemaName="address1_addresstypecode" displayName="address1_addresstypecode" />
      </MissingDependency>
      <MissingDependency>
        <Required type="2" schemaName="address1_composite" displayName="address1_composite" parentSchemaName="account" solution="System (5.0)" />
        <Dependent type="2" schemaName="address1_composite" displayName="address1_composite" />
      </MissingDependency>
      <MissingDependency>
        <Required type="2" schemaName="address1_county" displayName="address1_county" parentSchemaName="account" solution="System (5.0)" />
        <Dependent type="2" schemaName="address1_county" displayName="address1_county" />
      </MissingDependency>
      <MissingDependency>
        <Required type="2" schemaName="address1_fax" displayName="address1_fax" parentSchemaName="account" solution="System (5.0)" />
        <Dependent type="2" schemaName="address1_fax" displayName="address1_fax" />
      </MissingDependency>
      <MissingDependency>
        <Required type="2" schemaName="address1_freighttermscode" displayName="address1_freighttermscode" parentSchemaName="account" solution="System (5.0)" />
        <Dependent type="2" schemaName="address1_freighttermscode" displayName="address1_freighttermscode" />
      </MissingDependency>
      <MissingDependency>
        <Required type="2" schemaName="address1_latitude" displayName="address1_latitude" parentSchemaName="account" solution="System (5.0)" />
        <Dependent type="2" schemaName="address1_latitude" displayName="address1_latitude" />
      </MissingDependency>
      <MissingDependency>
        <Required type="2" schemaName="address1_line1" displayName="address1_line1" parentSchemaName="account" solution="System (5.0)" />
        <Dependent type="2" schemaName="address1_line1" displayName="address1_line1" />
      </MissingDependency>
      <MissingDependency>
        <Required type="2" schemaName="address1_line2" displayName="address1_line2" parentSchemaName="account" solution="System (5.0)" />
        <Dependent type="2" schemaName="address1_line2" displayName="address1_line2" />
      </MissingDependency>
      <MissingDependency>
        <Required type="2" schemaName="address1_line3" displayName="address1_line3" parentSchemaName="account" solution="System (5.0)" />
        <Dependent type="2" schemaName="address1_line3" displayName="address1_line3" />
      </MissingDependency>
      <MissingDependency>
        <Required type="2" schemaName="address1_longitude" displayName="address1_longitude" parentSchemaName="account" solution="System (5.0)" />
        <Dependent type="2" schemaName="address1_longitude" displayName="address1_longitude" />
      </MissingDependency>
      <MissingDependency>
        <Required type="2" schemaName="address1_name" displayName="address1_name" parentSchemaName="account" solution="System (5.0)" />
        <Dependent type="2" schemaName="address1_name" displayName="address1_name" />
      </MissingDependency>
      <MissingDependency>
        <Required type="2" schemaName="address1_postalcode" displayName="address1_postalcode" parentSchemaName="account" solution="System (5.0)" />
        <Dependent type="2" schemaName="address1_postalcode" displayName="address1_postalcode" />
      </MissingDependency>
      <MissingDependency>
        <Required type="2" schemaName="address1_postofficebox" displayName="address1_postofficebox" parentSchemaName="account" solution="System (5.0)" />
        <Dependent type="2" schemaName="address1_postofficebox" displayName="address1_postofficebox" />
      </MissingDependency>
      <MissingDependency>
        <Required type="2" schemaName="address1_primarycontactname" displayName="address1_primarycontactname" parentSchemaName="account" solution="System (5.0)" />
        <Dependent type="2" schemaName="address1_primarycontactname" displayName="address1_primarycontactname" />
      </MissingDependency>
      <MissingDependency>
        <Required type="2" schemaName="address1_shippingmethodcode" displayName="address1_shippingmethodcode" parentSchemaName="account" solution="System (5.0)" />
        <Dependent type="2" schemaName="address1_shippingmethodcode" displayName="address1_shippingmethodcode" />
      </MissingDependency>
      <MissingDependency>
        <Required type="2" schemaName="address1_telephone2" displayName="address1_telephone2" parentSchemaName="account" solution="System (5.0)" />
        <Dependent type="2" schemaName="address1_telephone2" displayName="address1_telephone2" />
      </MissingDependency>
      <MissingDependency>
        <Required type="2" schemaName="address1_telephone3" displayName="address1_telephone3" parentSchemaName="account" solution="System (5.0)" />
        <Dependent type="2" schemaName="address1_telephone3" displayName="address1_telephone3" />
      </MissingDependency>
      <MissingDependency>
        <Required type="2" schemaName="address1_upszone" displayName="address1_upszone" parentSchemaName="account" solution="System (5.0)" />
        <Dependent type="2" schemaName="address1_upszone" displayName="address1_upszone" />
      </MissingDependency>
      <MissingDependency>
        <Required type="2" schemaName="address1_utcoffset" displayName="address1_utcoffset" parentSchemaName="account" solution="System (5.0)" />
        <Dependent type="2" schemaName="address1_utcoffset" displayName="address1_utcoffset" />
      </MissingDependency>
      <MissingDependency>
        <Required type="1" schemaName="contact" displayName="Contact" parentSchemaName="" solution="msdynce_PortalPrivacyExtensions (9.2.10.0)" />
        <Dependent type="1" schemaName="contact" displayName="Contact" />
      </MissingDependency>
      <MissingDependency>
        <Required type="1" schemaName="systemuser" displayName="SystemUser" parentSchemaName="" solution="msdyn_PowerAdminSettingsEmail (1.1.1.2473)" />
        <Dependent type="1" schemaName="systemuser" displayName="SystemUser" />
      </MissingDependency>
    </MissingDependencies>
  </SolutionManifest>
</ImportExportXml>