<appaction uniquename="gap__AmendReview!e4a3b01868244f6c85dd3c9a97651156!gap_DEMO!gap_monitoringactivity!0">
  <appmoduleid>
    <uniquename>gap_DEMO</uniquename>
  </appmoduleid>
  <buttonlabeltext default="Amend Review">
    <label description="Amend Review" languagecode="1033" />
  </buttonlabeltext>
  <context>1</context>
  <contextentity>
    <logicalname>gap_monitoringactivity</logicalname>
  </contextentity>
  <contextvalue>gap_monitoringactivity</contextvalue>
  <fonticon>ReplyEmail</fonticon>
  <hidden>0</hidden>
  <iscustomizable>1</iscustomizable>
  <isdisabled>0</isdisabled>
  <isgrouptitlehidden>0</isgrouptitlehidden>
  <location>0</location>
  <name>AmendReview!e4a3b01868244f6c85dd3c9a97651156</name>
  <onclickeventformulacomponentlibraryid>
    <name>gap_demodefaultcommandlibrary_7c943</name>
  </onclickeventformulacomponentlibraryid>
  <onclickeventformulacomponentname>fdfae721192442e2b5ddaed18bfe7878</onclickeventformulacomponentname>
  <onclickeventformulafunctionname>OnSelect</onclickeventformulafunctionname>
  <onclickeventtype>1</onclickeventtype>
  <origin>0</origin>
  <parentappactionid>
    <uniquename>gap__NewGroup!feb6ae077215492ab7852098fe9569ed!gap_DEMO!gap_monitoringactivity!0</uniquename>
  </parentappactionid>
  <sequence>60000.0000000000</sequence>
  <statecode>0</statecode>
  <statuscode>1</statuscode>
  <type>0</type>
  <visibilityformulacomponentlibraryid>
    <name>gap_demodefaultcommandlibrary_7c943</name>
  </visibilityformulacomponentlibraryid>
  <visibilityformulacomponentname>fdfae721192442e2b5ddaed18bfe7878</visibilityformulacomponentname>
  <visibilityformulafunctionname>Visible</visibilityformulafunctionname>
  <visibilitytype>1</visibilitytype>
</appaction>