<appaction uniquename="gap__SubmitFinalObject!da51329b3cc145a895ae7b8c588ccc23!gap_DEMO!gap_application!0">
  <appmoduleid>
    <uniquename>gap_DEMO</uniquename>
  </appmoduleid>
  <buttonaccessibilitytext default="Submit Final Objective Scoring">
    <label description="Submit Final Objective Scoring" languagecode="1033" />
  </buttonaccessibilitytext>
  <buttonlabeltext default="Submit (Final) Objective Scoring">
    <label description="Submit (Final) Objective Scoring" languagecode="1033" />
  </buttonlabeltext>
  <buttontooltipdescription default="Button to submit Final Objective Scoring">
    <label description="Button to submit Final Objective Scoring" languagecode="1033" />
  </buttontooltipdescription>
  <buttontooltiptitle default="Submit Final Objective Scoring">
    <label description="Submit Final Objective Scoring" languagecode="1033" />
  </buttontooltiptitle>
  <context>1</context>
  <contextentity>
    <logicalname>gap_application</logicalname>
  </contextentity>
  <contextvalue>gap_application</contextvalue>
  <fonticon>$clientsvg:Accept</fonticon>
  <hidden>0</hidden>
  <iscustomizable>1</iscustomizable>
  <isdisabled>0</isdisabled>
  <isgrouptitlehidden>0</isgrouptitlehidden>
  <location>0</location>
  <name>SubmitFinalObject!da51329b3cc145a895ae7b8c588ccc23</name>
  <onclickeventformulacomponentlibraryid>
    <name>gap_demodefaultcommandlibrary_7c943</name>
  </onclickeventformulacomponentlibraryid>
  <onclickeventformulacomponentname>3637c4030eb54022817c9fe846f0c9ad</onclickeventformulacomponentname>
  <onclickeventformulafunctionname>OnSelect</onclickeventformulafunctionname>
  <onclickeventtype>1</onclickeventtype>
  <origin>0</origin>
  <parentappactionid>
    <uniquename>gap__NewGroup!16007fcd8bc145dc8e65ef7e8b696df1!gap_DEMO!gap_application!0</uniquename>
  </parentappactionid>
  <sequence>30000.0000000000</sequence>
  <statecode>0</statecode>
  <statuscode>1</statuscode>
  <type>0</type>
  <visibilityformulacomponentlibraryid>
    <name>gap_demodefaultcommandlibrary_7c943</name>
  </visibilityformulacomponentlibraryid>
  <visibilityformulacomponentname>3637c4030eb54022817c9fe846f0c9ad</visibilityformulacomponentname>
  <visibilityformulafunctionname>Visible</visibilityformulafunctionname>
  <visibilitytype>1</visibilitytype>
</appaction>