<appaction uniquename="gap__Drive!142b379ee3b84115aef95f08f5d79e1e!gap_DEMO!gap_application!0">
  <appmoduleid>
    <uniquename>gap_DEMO</uniquename>
  </appmoduleid>
  <context>1</context>
  <contextentity>
    <logicalname>gap_application</logicalname>
  </contextentity>
  <contextvalue>gap_application</contextvalue>
  <grouptitle default="Drive">
    <label description="Drive" languagecode="1033" />
  </grouptitle>
  <hidden>0</hidden>
  <iscustomizable>1</iscustomizable>
  <isdisabled>0</isdisabled>
  <isgrouptitlehidden>1</isgrouptitlehidden>
  <location>0</location>
  <name>Drive!142b379ee3b84115aef95f08f5d79e1e</name>
  <onclickeventtype>0</onclickeventtype>
  <origin>0</origin>
  <parentappactionid>
    <uniquename>gap__Sync!8a95ab18f5ee4ac49e861480cb6ad5fe!gap_DEMO!gap_application!0</uniquename>
  </parentappactionid>
  <sequence>10000.0000000000</sequence>
  <statecode>0</statecode>
  <statuscode>1</statuscode>
  <type>3</type>
</appaction>