<appaction uniquename="gap__SubmitPeerOutcome!14e193415d2c46959d96995b1de46fd0!gap_DEMO!gap_monitoringactivity!0">
  <appmoduleid>
    <uniquename>gap_DEMO</uniquename>
  </appmoduleid>
  <buttonlabeltext default="Submit Peer Outcome">
    <label description="Submit Peer Outcome" languagecode="1033" />
  </buttonlabeltext>
  <context>1</context>
  <contextentity>
    <logicalname>gap_monitoringactivity</logicalname>
  </contextentity>
  <contextvalue>gap_monitoringactivity</contextvalue>
  <fonticon>$clientsvg:Accept</fonticon>
  <hidden>0</hidden>
  <iscustomizable>1</iscustomizable>
  <isdisabled>0</isdisabled>
  <isgrouptitlehidden>0</isgrouptitlehidden>
  <location>0</location>
  <name>SubmitPeerOutcome!14e193415d2c46959d96995b1de46fd0</name>
  <onclickeventformulacomponentlibraryid>
    <name>gap_demodefaultcommandlibrary_7c943</name>
  </onclickeventformulacomponentlibraryid>
  <onclickeventformulacomponentname>ae520622ec504119aa17c9036c1bdff9</onclickeventformulacomponentname>
  <onclickeventformulafunctionname>OnSelect</onclickeventformulafunctionname>
  <onclickeventtype>1</onclickeventtype>
  <origin>0</origin>
  <parentappactionid>
    <uniquename>gap__NewGroup!feb6ae077215492ab7852098fe9569ed!gap_DEMO!gap_monitoringactivity!0</uniquename>
  </parentappactionid>
  <sequence>20000.0000000000</sequence>
  <statecode>0</statecode>
  <statuscode>1</statuscode>
  <type>0</type>
  <visibilityformulacomponentlibraryid>
    <name>gap_demodefaultcommandlibrary_7c943</name>
  </visibilityformulacomponentlibraryid>
  <visibilityformulacomponentname>ae520622ec504119aa17c9036c1bdff9</visibilityformulacomponentname>
  <visibilityformulafunctionname>Visible</visibilityformulafunctionname>
  <visibilitytype>1</visibilitytype>
</appaction>