<appaction uniquename="cr48e__LaunchPowerBIRepo!6282a676b13c4e95a3b468b5b0245353!gap_DEMO!gap_scheme!1">
  <appmoduleid>
    <uniquename>gap_DEMO</uniquename>
  </appmoduleid>
  <buttonaccessibilitytext default="Launch PowerBI Report">
    <label description="Launch PowerBI Report" languagecode="1033" />
  </buttonaccessibilitytext>
  <buttonlabeltext default="Launch PowerBI Report">
    <label description="Launch PowerBI Report" languagecode="1033" />
  </buttonlabeltext>
  <buttontooltipdescription default="Launch PowerBI Report">
    <label description="Launch PowerBI Report" languagecode="1033" />
  </buttontooltipdescription>
  <buttontooltiptitle default="Launch PowerBI Report">
    <label description="Launch PowerBI Report" languagecode="1033" />
  </buttontooltiptitle>
  <context>1</context>
  <contextentity>
    <logicalname>gap_scheme</logicalname>
  </contextentity>
  <contextvalue>gap_scheme</contextvalue>
  <fonticon>OpenInPowerBI</fonticon>
  <hidden>0</hidden>
  <iscustomizable>1</iscustomizable>
  <isdisabled>0</isdisabled>
  <isgrouptitlehidden>0</isgrouptitlehidden>
  <location>1</location>
  <name>LaunchPowerBIRepo!6282a676b13c4e95a3b468b5b0245353</name>
  <onclickeventformulacomponentlibraryid>
    <name>gap_demodefaultcommandlibrary_7c943</name>
  </onclickeventformulacomponentlibraryid>
  <onclickeventformulacomponentname>df8cbc57929a4ec6a3960250b1d4e326</onclickeventformulacomponentname>
  <onclickeventformulafunctionname>OnSelect</onclickeventformulafunctionname>
  <onclickeventtype>1</onclickeventtype>
  <origin>0</origin>
  <sequence>1000105033.5000000000</sequence>
  <statecode>0</statecode>
  <statuscode>1</statuscode>
  <type>0</type>
  <visibilityformulacomponentlibraryid>
    <name>gap_demodefaultcommandlibrary_7c943</name>
  </visibilityformulacomponentlibraryid>
  <visibilityformulacomponentname>df8cbc57929a4ec6a3960250b1d4e326</visibilityformulacomponentname>
  <visibilityformulafunctionname>Visible</visibilityformulafunctionname>
  <visibilitytype>1</visibilitytype>
</appaction>