<appaction uniquename="gap__SubmitDepartmentD!e2178c72556f4c9394e2b1a145182a96!gap_DEMO!gap_application!0">
  <appmoduleid>
    <uniquename>gap_DEMO</uniquename>
  </appmoduleid>
  <buttonaccessibilitytext default="Submit Department Decision">
    <label description="Submit Department Decision" languagecode="1033" />
  </buttonaccessibilitytext>
  <buttonlabeltext default="Submit Department Decision">
    <label description="Submit Department Decision" languagecode="1033" />
  </buttonlabeltext>
  <buttontooltipdescription default="Button to submit department decision">
    <label description="Button to submit department decision" languagecode="1033" />
  </buttontooltipdescription>
  <buttontooltiptitle default="Submit Department Decision">
    <label description="Submit Department Decision" languagecode="1033" />
  </buttontooltiptitle>
  <context>1</context>
  <contextentity>
    <logicalname>gap_application</logicalname>
  </contextentity>
  <contextvalue>gap_application</contextvalue>
  <fonticon>$clientsvg:Accept</fonticon>
  <hidden>0</hidden>
  <iscustomizable>1</iscustomizable>
  <isdisabled>0</isdisabled>
  <isgrouptitlehidden>0</isgrouptitlehidden>
  <location>0</location>
  <name>SubmitDepartmentD!e2178c72556f4c9394e2b1a145182a96</name>
  <onclickeventformulacomponentlibraryid>
    <name>gap_demodefaultcommandlibrary_7c943</name>
  </onclickeventformulacomponentlibraryid>
  <onclickeventformulacomponentname>d2ba42c5f61449df98cd5cd059fdc6dc</onclickeventformulacomponentname>
  <onclickeventformulafunctionname>OnSelect</onclickeventformulafunctionname>
  <onclickeventtype>1</onclickeventtype>
  <origin>0</origin>
  <parentappactionid>
    <uniquename>gap__NewGroup!16007fcd8bc145dc8e65ef7e8b696df1!gap_DEMO!gap_application!0</uniquename>
  </parentappactionid>
  <sequence>110000.0000000000</sequence>
  <statecode>0</statecode>
  <statuscode>1</statuscode>
  <type>0</type>
  <visibilityformulacomponentlibraryid>
    <name>gap_demodefaultcommandlibrary_7c943</name>
  </visibilityformulacomponentlibraryid>
  <visibilityformulacomponentname>d2ba42c5f61449df98cd5cd059fdc6dc</visibilityformulacomponentname>
  <visibilityformulafunctionname>Visible</visibilityformulafunctionname>
  <visibilitytype>1</visibilitytype>
</appaction>