<appaction uniquename="gap__Launch!e7873494bc3748b0a4c6d8217b041e25!gap_DEMO!gap_scheme!0">
  <appmoduleid>
    <uniquename>gap_DEMO</uniquename>
  </appmoduleid>
  <buttonaccessibilitytext default="Open Google Drive Scheme Folder">
    <label description="Open Google Drive Scheme Folder" languagecode="1033" />
  </buttonaccessibilitytext>
  <buttonlabeltext default="Launch Drive Folder">
    <label description="Launch Drive Folder" languagecode="1033" />
  </buttonlabeltext>
  <buttontooltiptitle default="Open Google Drive Scheme Folder">
    <label description="Open Google Drive Scheme Folder" languagecode="1033" />
  </buttontooltiptitle>
  <context>1</context>
  <contextentity>
    <logicalname>gap_scheme</logicalname>
  </contextentity>
  <contextvalue>gap_scheme</contextvalue>
  <fonticon>OpenInNewWindow</fonticon>
  <hidden>0</hidden>
  <iscustomizable>1</iscustomizable>
  <isdisabled>0</isdisabled>
  <isgrouptitlehidden>0</isgrouptitlehidden>
  <location>0</location>
  <name>Launch!e7873494bc3748b0a4c6d8217b041e25</name>
  <onclickeventformulacomponentlibraryid>
    <name>gap_demodefaultcommandlibrary_7c943</name>
  </onclickeventformulacomponentlibraryid>
  <onclickeventformulacomponentname>3d4276b44de742e4a80d4c3ff0d1f971</onclickeventformulacomponentname>
  <onclickeventformulafunctionname>OnSelect</onclickeventformulafunctionname>
  <onclickeventtype>1</onclickeventtype>
  <origin>0</origin>
  <sequence>100100044.0625000000</sequence>
  <statecode>0</statecode>
  <statuscode>1</statuscode>
  <type>0</type>
  <visibilityformulacomponentlibraryid>
    <name>gap_demodefaultcommandlibrary_7c943</name>
  </visibilityformulacomponentlibraryid>
  <visibilityformulacomponentname>3d4276b44de742e4a80d4c3ff0d1f971</visibilityformulacomponentname>
  <visibilityformulafunctionname>Visible</visibilityformulafunctionname>
  <visibilitytype>1</visibilitytype>
</appaction>