<appaction uniquename="gap__ConfirmGFAEmailQu!9b6a6aa82b664c13af8012df4d00dfa8!gap_DEMO!gap_application!0">
  <appmoduleid>
    <uniquename>gap_DEMO</uniquename>
  </appmoduleid>
  <buttonlabeltext default="Confirm GFA Email Quality Review">
    <label description="Confirm GFA Email Quality Review" languagecode="1033" />
  </buttonlabeltext>
  <context>1</context>
  <contextentity>
    <logicalname>gap_application</logicalname>
  </contextentity>
  <contextvalue>gap_application</contextvalue>
  <fonticon>$clientsvg:Accept</fonticon>
  <hidden>0</hidden>
  <iscustomizable>1</iscustomizable>
  <isdisabled>0</isdisabled>
  <isgrouptitlehidden>0</isgrouptitlehidden>
  <location>0</location>
  <name>ConfirmGFAEmailQu!9b6a6aa82b664c13af8012df4d00dfa8</name>
  <onclickeventformulacomponentlibraryid>
    <name>gap_demodefaultcommandlibrary_7c943</name>
  </onclickeventformulacomponentlibraryid>
  <onclickeventformulacomponentname>6656dbeb57984ca59f0d6190bbf93150</onclickeventformulacomponentname>
  <onclickeventformulafunctionname>OnSelect</onclickeventformulafunctionname>
  <onclickeventtype>1</onclickeventtype>
  <origin>0</origin>
  <parentappactionid>
    <uniquename>gap__NewGroup!504a1cfd7777461f8faa356442035cd6!gap_DEMO!gap_application!0</uniquename>
  </parentappactionid>
  <sequence>70000.0000000000</sequence>
  <statecode>0</statecode>
  <statuscode>1</statuscode>
  <type>0</type>
  <visibilityformulacomponentlibraryid>
    <name>gap_demodefaultcommandlibrary_7c943</name>
  </visibilityformulacomponentlibraryid>
  <visibilityformulacomponentname>6656dbeb57984ca59f0d6190bbf93150</visibilityformulacomponentname>
  <visibilityformulafunctionname>Visible</visibilityformulafunctionname>
  <visibilitytype>1</visibilitytype>
</appaction>