{"swagger":"2.0","info":{"title":"Default title","description":"Used to find relevant information on vehicles from DVLA's Vehicle Enquiry Service API.","version":"1.0"},"host":"@environmentVariables(\"gap_DVLAEndpointURL\")","basePath":"/","schemes":["https"],"consumes":[],"produces":[],"paths":{"/vehicle-enquiry/v1/vehicles":{"post":{"responses":{"default":{"description":"default","schema":{"type":"object","properties":{"artEndDate":{"type":"string","description":"artEndDate"},"co2Emissions":{"type":"integer","format":"int32","description":"co2Emissions"},"colour":{"type":"string","description":"colour"},"engineCapacity":{"type":"integer","format":"int32","description":"engineCapacity"},"fuelType":{"type":"string","description":"fuelType"},"make":{"type":"string","description":"make"},"markedForExport":{"type":"boolean","description":"markedForExport"},"monthOfFirstRegistration":{"type":"string","description":"monthOfFirstRegistration"},"motStatus":{"type":"string","description":"motStatus"},"registrationNumber":{"type":"string","description":"registrationNumber"},"revenueWeight":{"type":"integer","format":"int32","description":"revenueWeight"},"taxDueDate":{"type":"string","description":"taxDueDate"},"taxStatus":{"type":"string","description":"taxStatus"},"typeApproval":{"type":"string","description":"typeApproval"},"wheelplan":{"type":"string","description":"wheelplan"},"yearOfManufacture":{"type":"integer","format":"int32","description":"yearOfManufacture"},"euroStatus":{"type":"string","description":"euroStatus"},"realDrivingEmissions":{"type":"string","description":"realDrivingEmissions"},"dateOfLastV5CIssued":{"type":"string","description":"dateOfLastV5CIssued"}}}}},"operationId":"VehicleEnquiry","summary":"VehicleEnquiry","description":"Used to retrieve base information on a specified vehicle.","parameters":[{"name":"Content-Type","in":"header","required":false,"type":"string"},{"name":"body","in":"body","required":false,"schema":{"type":"object","properties":{"registrationNumber":{"type":"string","description":"registrationNumber"}}}}]}}},"definitions":{},"parameters":{},"responses":{},"securityDefinitions":{"api_key":{"type":"apiKey","in":"header","name":"x-api-key"}},"security":[{"api_key":[]}],"tags":[]}