<appaction uniquename="gap__Launch!9f9bae8a3c3649e0a2a9d4807922773d!gap_DEMO!gap_application!0">
  <appmoduleid>
    <uniquename>gap_DEMO</uniquename>
  </appmoduleid>
  <buttonaccessibilitytext default="Launch Google drive folder button">
    <label description="Launch Google drive folder button" languagecode="1033" />
  </buttonaccessibilitytext>
  <buttonlabeltext default="Launch Drive Folder">
    <label description="Launch Drive Folder" languagecode="1033" />
  </buttonlabeltext>
  <buttontooltipdescription default="Launch google drive folder to view applications">
    <label description="Launch google drive folder to view applications" languagecode="1033" />
  </buttontooltipdescription>
  <buttontooltiptitle default="Launch Google Drive folder">
    <label description="Launch Google Drive folder" languagecode="1033" />
  </buttontooltiptitle>
  <context>1</context>
  <contextentity>
    <logicalname>gap_application</logicalname>
  </contextentity>
  <contextvalue>gap_application</contextvalue>
  <fonticon>OpenInNewWindow</fonticon>
  <hidden>0</hidden>
  <iscustomizable>1</iscustomizable>
  <isdisabled>0</isdisabled>
  <isgrouptitlehidden>0</isgrouptitlehidden>
  <location>0</location>
  <name>Launch!9f9bae8a3c3649e0a2a9d4807922773d</name>
  <onclickeventformulacomponentlibraryid>
    <name>gap_demodefaultcommandlibrary_7c943</name>
  </onclickeventformulacomponentlibraryid>
  <onclickeventformulacomponentname>5eed30abaad14cdd904eef61d48b4f45</onclickeventformulacomponentname>
  <onclickeventformulafunctionname>OnSelect</onclickeventformulafunctionname>
  <onclickeventtype>1</onclickeventtype>
  <origin>0</origin>
  <sequence>100399616.3828125000</sequence>
  <statecode>0</statecode>
  <statuscode>1</statuscode>
  <type>0</type>
  <visibilityformulacomponentlibraryid>
    <name>gap_demodefaultcommandlibrary_7c943</name>
  </visibilityformulacomponentlibraryid>
  <visibilityformulacomponentname>5eed30abaad14cdd904eef61d48b4f45</visibilityformulacomponentname>
  <visibilityformulafunctionname>Visible</visibilityformulafunctionname>
  <visibilitytype>1</visibilitytype>
</appaction>