<appaction uniquename="gap__Sync!a838d2b0b2d341e0bfded25bc51c10cc!gap_DEMO!gap_scheme!0">
  <appmoduleid>
    <uniquename>gap_DEMO</uniquename>
  </appmoduleid>
  <buttonlabeltext default="Sync Data">
    <label description="Sync Data" languagecode="1033" />
  </buttonlabeltext>
  <context>1</context>
  <contextentity>
    <logicalname>gap_scheme</logicalname>
  </contextentity>
  <contextvalue>gap_scheme</contextvalue>
  <fonticon>Sync</fonticon>
  <hidden>0</hidden>
  <iscustomizable>1</iscustomizable>
  <isdisabled>0</isdisabled>
  <isgrouptitlehidden>0</isgrouptitlehidden>
  <location>0</location>
  <name>Sync!a838d2b0b2d341e0bfded25bc51c10cc</name>
  <onclickeventtype>0</onclickeventtype>
  <origin>0</origin>
  <sequence>100100043.1250000000</sequence>
  <statecode>0</statecode>
  <statuscode>1</statuscode>
  <type>1</type>
  <visibilitytype>0</visibilitytype>
</appaction>