<aiskillconfig uniquename="ais_FormFillFieldOptOut_gap_monitoringactivity_gap_paymentdate">
  <aiskill>FormFillFieldOptOut</aiskill>
  <attribute>
    <entityid.logicalname>gap_monitoringactivity</entityid.logicalname>
    <logicalname>gap_paymentdate</logicalname>
  </attribute>
  <description>gap_monitoringactivity - Payment Date Form fill opt out</description>
  <entity>
    <logicalname>gap_monitoringactivity</logicalname>
  </entity>
  <iscustomizable>1</iscustomizable>
  <scope>1</scope>
  <statecode>0</statecode>
  <statuscode>1</statuscode>
</aiskillconfig>