<appaction uniquename="gap__Actions!cb69278050bd444b8ae3e2ba2d83d026!gap_DEMO!gap_application!0">
  <appmoduleid>
    <uniquename>gap_DEMO</uniquename>
  </appmoduleid>
  <buttonaccessibilitytext default="Actions Drop-down button">
    <label description="Actions Drop-down button" languagecode="1033" />
  </buttonaccessibilitytext>
  <buttonlabeltext default="Actions">
    <label description="Actions" languagecode="1033" />
  </buttonlabeltext>
  <buttontooltipdescription default="Button to view stage specific buttons">
    <label description="Button to view stage specific buttons" languagecode="1033" />
  </buttontooltipdescription>
  <buttontooltiptitle default="Actions Drop-down">
    <label description="Actions Drop-down" languagecode="1033" />
  </buttontooltiptitle>
  <context>1</context>
  <contextentity>
    <logicalname>gap_application</logicalname>
  </contextentity>
  <contextvalue>gap_application</contextvalue>
  <fonticon>ListIcon</fonticon>
  <hidden>0</hidden>
  <iscustomizable>1</iscustomizable>
  <isdisabled>0</isdisabled>
  <isgrouptitlehidden>0</isgrouptitlehidden>
  <location>0</location>
  <name>Actions!cb69278050bd444b8ae3e2ba2d83d026</name>
  <onclickeventtype>0</onclickeventtype>
  <origin>0</origin>
  <sequence>100100030.7031250000</sequence>
  <statecode>0</statecode>
  <statuscode>1</statuscode>
  <type>1</type>
  <visibilityformulacomponentlibraryid>
    <name>gap_demodefaultcommandlibrary_7c943</name>
  </visibilityformulacomponentlibraryid>
  <visibilityformulacomponentname>511880d82ec448f9b90c9ab89d707298</visibilityformulacomponentname>
  <visibilityformulafunctionname>Visible</visibilityformulafunctionname>
  <visibilitytype>1</visibilitytype>
</appaction>