<environmentvariabledefinition schemaname="gap_BaseCDSURL">
  <description default="Environment variable for environment link">
    <label description="Environment variable for environment link" languagecode="1033" />
  </description>
  <displayname default="Base CDS URL">
    <label description="Base CDS URL" languagecode="1033" />
  </displayname>
  <introducedversion>1.0.1.39</introducedversion>
  <iscustomizable>1</iscustomizable>
  <isrequired>0</isrequired>
  <secretstore>0</secretstore>
  <type>100000000</type>
</environmentvariabledefinition>