<appaction uniquename="cr48e__ValidateID!fb5a96510a8a42a78531955f6a1bffe3!gap_DEMO!gap_scheme!0">
  <appmoduleid>
    <uniquename>gap_DEMO</uniquename>
  </appmoduleid>
  <buttonaccessibilitytext default="Validate GGIS ID button">
    <label description="Validate GGIS ID button" languagecode="1033" />
  </buttonaccessibilitytext>
  <buttonlabeltext default="Validate GGIS ID">
    <label description="Validate GGIS ID" languagecode="1033" />
  </buttonlabeltext>
  <buttontooltipdescription default="Validate GGIS ID">
    <label description="Validate GGIS ID" languagecode="1033" />
  </buttontooltipdescription>
  <buttontooltiptitle default="Validate GGIS ID button">
    <label description="Validate GGIS ID button" languagecode="1033" />
  </buttontooltiptitle>
  <context>1</context>
  <contextentity>
    <logicalname>gap_scheme</logicalname>
  </contextentity>
  <contextvalue>gap_scheme</contextvalue>
  <fonticon>$clientsvg:Accept</fonticon>
  <hidden>0</hidden>
  <iscustomizable>1</iscustomizable>
  <isdisabled>0</isdisabled>
  <isgrouptitlehidden>0</isgrouptitlehidden>
  <location>0</location>
  <name>ValidateID!fb5a96510a8a42a78531955f6a1bffe3</name>
  <onclickeventformulacomponentlibraryid>
    <name>gap_demodefaultcommandlibrary_7c943</name>
  </onclickeventformulacomponentlibraryid>
  <onclickeventformulacomponentname>ff33ebf84aaa43bf94e91ebbc8289e93</onclickeventformulacomponentname>
  <onclickeventformulafunctionname>OnSelect</onclickeventformulafunctionname>
  <onclickeventtype>1</onclickeventtype>
  <origin>0</origin>
  <sequence>100100044.2968750000</sequence>
  <statecode>0</statecode>
  <statuscode>1</statuscode>
  <type>0</type>
  <visibilityformulacomponentlibraryid>
    <name>gap_demodefaultcommandlibrary_7c943</name>
  </visibilityformulacomponentlibraryid>
  <visibilityformulacomponentname>ff33ebf84aaa43bf94e91ebbc8289e93</visibilityformulacomponentname>
  <visibilityformulafunctionname>Visible</visibilityformulafunctionname>
  <visibilitytype>1</visibilitytype>
</appaction>