<appaction uniquename="gap__SubmitFeedback!ca57be5ddf0647af86f5de91a3cc9e88!gap_DEMO!gap_scheme!1">
  <appmoduleid>
    <uniquename>gap_DEMO</uniquename>
  </appmoduleid>
  <buttonlabeltext default="Submit Feedback">
    <label description="Submit Feedback" languagecode="1033" />
  </buttonlabeltext>
  <context>1</context>
  <contextentity>
    <logicalname>gap_scheme</logicalname>
  </contextentity>
  <contextvalue>gap_scheme</contextvalue>
  <fonticon>FormDesign</fonticon>
  <hidden>0</hidden>
  <iscustomizable>1</iscustomizable>
  <isdisabled>0</isdisabled>
  <isgrouptitlehidden>0</isgrouptitlehidden>
  <location>1</location>
  <name>SubmitFeedback!ca57be5ddf0647af86f5de91a3cc9e88</name>
  <onclickeventformulacomponentlibraryid>
    <name>gap_demodefaultcommandlibrary_7c943</name>
  </onclickeventformulacomponentlibraryid>
  <onclickeventformulacomponentname>ca3760261cd44e048eeca701e69d2030</onclickeventformulacomponentname>
  <onclickeventformulafunctionname>OnSelect</onclickeventformulafunctionname>
  <onclickeventtype>1</onclickeventtype>
  <origin>0</origin>
  <sequence>1300310030.0000000000</sequence>
  <statecode>0</statecode>
  <statuscode>1</statuscode>
  <type>0</type>
  <visibilitytype>0</visibilitytype>
</appaction>