<manifest><control namespace="GGMS" constructor="InlineFrame" version="0.0.2" display-name-key="COMPONENT_NAME_KEY" description-key="COMPONENT_DESC_KEY" control-type="standard" api-version="1.3.18"><external-service-usage enabled="false" /><property name="URL" display-name-key="URL_NAME_KEY" description-key="URL_DESC_KEY" of-type="SingleLine.Text" usage="input" required="true" /><resources><code path="bundle.js" order="1" /><resx path="strings/InlineFrame.1033.resx" version="1.0.0" /></resources><feature-usage /><built-by name="pac" version="1.47.1" /></control></manifest>