<appaction uniquename="gap__Actions!f35646069fce4847bf6ef50f10355fac!gap_DEMO!gap_monitoringactivity!0">
  <appmoduleid>
    <uniquename>gap_DEMO</uniquename>
  </appmoduleid>
  <buttonlabeltext default="Actions">
    <label description="Actions" languagecode="1033" />
  </buttonlabeltext>
  <context>1</context>
  <contextentity>
    <logicalname>gap_monitoringactivity</logicalname>
  </contextentity>
  <contextvalue>gap_monitoringactivity</contextvalue>
  <fonticon>BulletedList</fonticon>
  <hidden>0</hidden>
  <iscustomizable>1</iscustomizable>
  <isdisabled>0</isdisabled>
  <isgrouptitlehidden>0</isgrouptitlehidden>
  <location>0</location>
  <name>Actions!f35646069fce4847bf6ef50f10355fac</name>
  <onclickeventtype>0</onclickeventtype>
  <origin>0</origin>
  <sequence>100100046.0000000000</sequence>
  <statecode>0</statecode>
  <statuscode>1</statuscode>
  <type>1</type>
  <visibilityformulacomponentlibraryid>
    <name>gap_demodefaultcommandlibrary_7c943</name>
  </visibilityformulacomponentlibraryid>
  <visibilityformulacomponentname>82f1022d70bd4e12855c833365bbcb37</visibilityformulacomponentname>
  <visibilityformulafunctionname>Visible</visibilityformulafunctionname>
  <visibilitytype>1</visibilitytype>
</appaction>