<environmentvariabledefinition schemaname="gap_SchemePowerBIURL">
  <description default="Environment variable for powerbi dashboard in scheme grid view">
    <label description="Environment variable for powerbi dashboard in scheme grid view" languagecode="1033" />
  </description>
  <displayname default="Scheme Power BI URL">
    <label description="Scheme Power BI URL" languagecode="1033" />
  </displayname>
  <introducedversion>1.0.1.54</introducedversion>
  <iscustomizable>1</iscustomizable>
  <isrequired>0</isrequired>
  <secretstore>0</secretstore>
  <type>100000000</type>
</environmentvariabledefinition>