{
  "properties": {
    "connectionReferences": {
      "shared_commondataserviceforapps_1": {
        "runtimeSource": "embedded",
        "connection": {
          "connectionReferenceLogicalName": "new_sharedcommondataserviceforapps_14207"
        },
        "api": {
          "name": "shared_commondataserviceforapps"
        }
      }
    },
    "definition": {
      "$schema": "https://schema.management.azure.com/providers/Microsoft.Logic/schemas/2016-06-01/workflowdefinition.json#",
      "contentVersion": "1.0.0.0",
      "parameters": {
        "$connections": {
          "defaultValue": {},
          "type": "Object"
        },
        "$authentication": {
          "defaultValue": {},
          "type": "SecureObject"
        }
      },
      "triggers": {
        "Stage_Updated": {
          "metadata": {
            "operationMetadataId": "6235fef3-c526-437b-8947-d01623d87250"
          },
          "type": "OpenApiConnectionWebhook",
          "inputs": {
            "host": {
              "connectionName": "shared_commondataserviceforapps_1",
              "operationId": "SubscribeWebhookTrigger",
              "apiId": "/providers/Microsoft.PowerApps/apis/shared_commondataserviceforapps"
            },
            "parameters": {
              "subscriptionRequest/message": 3,
              "subscriptionRequest/entityname": "gap_application",
              "subscriptionRequest/scope": 4,
              "subscriptionRequest/filteringattributes": "gap_currentstage",
              "subscriptionRequest/filterexpression": "gap_currentstage eq 'Subjective Scoring' and gap_initializedstage ne 'Subjective Scoring'"
            },
            "authentication": "@parameters('$authentication')"
          }
        }
      },
      "actions": {
        "Try": {
          "actions": {
            "Subjective_Checklist_Exists": {
              "actions": {
                "Update_Objective_Scoring_Checklist": {
                  "runAfter": {},
                  "metadata": {
                    "operationMetadataId": "29a81a79-fcef-4fcd-a5c5-5906204b47ea"
                  },
                  "type": "OpenApiConnection",
                  "inputs": {
                    "host": {
                      "connectionName": "shared_commondataserviceforapps_1",
                      "operationId": "UpdateOnlyRecord",
                      "apiId": "/providers/Microsoft.PowerApps/apis/shared_commondataserviceforapps"
                    },
                    "parameters": {
                      "entityName": "gap_scoringchecklists",
                      "recordId": "@triggerOutputs()?['body/_gap_subjectivescoringchecklist_value']",
                      "item/ownerid@odata.bind": "systemusers(@{triggerOutputs()?['body/_gap_initialreviewer_value']})"
                    },
                    "authentication": "@parameters('$authentication')"
                  }
                }
              },
              "runAfter": {},
              "expression": {
                "and": [
                  {
                    "not": {
                      "equals": [
                        "@triggerOutputs()?['body/_gap_subjectivescoringchecklist_value']",
                        null
                      ]
                    }
                  }
                ]
              },
              "metadata": {
                "operationMetadataId": "c68d8e5c-b30b-4d4d-8c75-23c233c10a17"
              },
              "type": "If"
            }
          },
          "runAfter": {
            "Initialize_Error_Message": [
              "Succeeded"
            ]
          },
          "metadata": {
            "operationMetadataId": "d142ba27-9a98-4bd7-8b42-57474d624b42"
          },
          "type": "Scope"
        },
        "Catch": {
          "actions": {
            "Error_Message_Exists": {
              "actions": {
                "Add_Custom_Error_Message": {
                  "runAfter": {},
                  "metadata": {
                    "operationMetadataId": "79a0cabd-188c-4fc1-859e-cff72d20e57d"
                  },
                  "type": "OpenApiConnection",
                  "inputs": {
                    "host": {
                      "connectionName": "shared_commondataserviceforapps_1",
                      "operationId": "CreateRecord",
                      "apiId": "/providers/Microsoft.PowerApps/apis/shared_commondataserviceforapps"
                    },
                    "parameters": {
                      "entityName": "annotations",
                      "item/subject": "An error occurred.",
                      "item/notetext": "@variables('Error Message')",
                      "item/objectid_gap_application@odata.bind": "gap_applications(@{triggerOutputs()?['body/gap_applicationid']})"
                    },
                    "authentication": "@parameters('$authentication')"
                  }
                }
              },
              "runAfter": {
                "Update_Application_Stage": [
                  "Succeeded"
                ]
              },
              "else": {
                "actions": {
                  "Add_Standard_Error_Message": {
                    "runAfter": {},
                    "metadata": {
                      "operationMetadataId": "e12be89f-822b-4213-a668-560e71c041c7"
                    },
                    "type": "OpenApiConnection",
                    "inputs": {
                      "host": {
                        "connectionName": "shared_commondataserviceforapps_1",
                        "operationId": "CreateRecord",
                        "apiId": "/providers/Microsoft.PowerApps/apis/shared_commondataserviceforapps"
                      },
                      "parameters": {
                        "entityName": "annotations",
                        "item/subject": "An error occurred.",
                        "item/notetext": "Flow Name: @{workflow()['name']}\nRun ID: @{workflow()['run']['name']}\nDate & Time: @{utcNow()}\nLink: @{concat('https://make.powerautomate.com/environments/', workflow()['tags']['environmentName'], '/solutions/', split(workflow()['tags']['environmentWorkflowId'], '-')[1], '/flows/', workflow()['tags']['xrmWorkflowId'])\r\n}",
                        "item/objectid_gap_application@odata.bind": "gap_applications(@{triggerOutputs()?['body/gap_applicationid']})"
                      },
                      "authentication": "@parameters('$authentication')"
                    }
                  }
                }
              },
              "expression": {
                "and": [
                  {
                    "greater": [
                      "@length(variables('Error Message'))",
                      0
                    ]
                  }
                ]
              },
              "metadata": {
                "operationMetadataId": "665b825b-9f4e-4e1c-9802-cc6112d7ec4f"
              },
              "type": "If"
            },
            "Update_Application_Stage": {
              "runAfter": {},
              "metadata": {
                "operationMetadataId": "c01f1ba5-098e-4639-b581-0e8ae54f71db"
              },
              "type": "OpenApiConnection",
              "inputs": {
                "host": {
                  "connectionName": "shared_commondataserviceforapps_1",
                  "operationId": "UpdateOnlyRecord",
                  "apiId": "/providers/Microsoft.PowerApps/apis/shared_commondataserviceforapps"
                },
                "parameters": {
                  "entityName": "gap_applications",
                  "recordId": "@triggerOutputs()?['body/gap_applicationid']",
                  "item/gap_currentstage": "Error (Subjective Scoring)"
                },
                "authentication": "@parameters('$authentication')"
              }
            }
          },
          "runAfter": {
            "Try": [
              "Failed",
              "TimedOut",
              "Skipped"
            ]
          },
          "metadata": {
            "operationMetadataId": "52411774-1a78-4e5b-8f18-03d712b90032"
          },
          "type": "Scope"
        },
        "Initialize_Error_Message": {
          "runAfter": {
            "Update_a_row": [
              "Succeeded"
            ]
          },
          "metadata": {
            "operationMetadataId": "554cb08d-b03b-4e0a-bbd5-9ec2427ba838"
          },
          "type": "InitializeVariable",
          "inputs": {
            "variables": [
              {
                "name": "Error Message",
                "type": "string"
              }
            ]
          }
        },
        "Update_a_row": {
          "runAfter": {},
          "metadata": {
            "operationMetadataId": "d84a5035-e646-44fd-8c85-380c189188ad"
          },
          "type": "OpenApiConnection",
          "inputs": {
            "host": {
              "connectionName": "shared_commondataserviceforapps_1",
              "operationId": "UpdateOnlyRecord",
              "apiId": "/providers/Microsoft.PowerApps/apis/shared_commondataserviceforapps"
            },
            "parameters": {
              "entityName": "gap_applications",
              "recordId": "@triggerOutputs()?['body/gap_applicationid']",
              "item/gap_initializedstage": "Subjective Scoring"
            },
            "authentication": "@parameters('$authentication')"
          }
        }
      },
      "outputs": {}
    },
    "templateName": ""
  },
  "schemaVersion": "1.0.0.0"
}