{
  "properties": {
    "connectionReferences": {
      "shared_commondataserviceforapps": {
        "runtimeSource": "embedded",
        "connection": {
          "connectionReferenceLogicalName": "new_sharedcommondataserviceforapps_14207"
        },
        "api": {
          "name": "shared_commondataserviceforapps"
        }
      }
    },
    "definition": {
      "$schema": "https://schema.management.azure.com/providers/Microsoft.Logic/schemas/2016-06-01/workflowdefinition.json#",
      "contentVersion": "1.0.0.0",
      "parameters": {
        "$connections": {
          "defaultValue": {},
          "type": "Object"
        },
        "$authentication": {
          "defaultValue": {},
          "type": "SecureObject"
        }
      },
      "triggers": {
        "Stage_Updated": {
          "metadata": {
            "operationMetadataId": "7d3f4745-3a29-47e8-924c-bd8ec01bf8bb"
          },
          "type": "OpenApiConnectionWebhook",
          "inputs": {
            "host": {
              "apiId": "/providers/Microsoft.PowerApps/apis/shared_commondataserviceforapps",
              "connectionName": "shared_commondataserviceforapps",
              "operationId": "SubscribeWebhookTrigger"
            },
            "parameters": {
              "subscriptionRequest/message": 3,
              "subscriptionRequest/entityname": "gap_application",
              "subscriptionRequest/scope": 4,
              "subscriptionRequest/filteringattributes": "gap_currentstage",
              "subscriptionRequest/filterexpression": "gap_currentstage eq 'Outcome Letter Distribution' and gap_initializedstage ne 'Outcome Letter Distribution'",
              "subscriptionRequest/name": "df558ed3-ac8c-f011-b4cb-000d3ad60bb2:MTA"
            },
            "authentication": "@parameters('$authentication')"
          }
        }
      },
      "actions": {
        "Try": {
          "actions": {
            "Condition": {
              "actions": {
                "Update_a_row": {
                  "runAfter": {},
                  "metadata": {
                    "operationMetadataId": "15069bb8-d913-42e1-a932-276929593ff3"
                  },
                  "type": "OpenApiConnection",
                  "inputs": {
                    "host": {
                      "apiId": "/providers/Microsoft.PowerApps/apis/shared_commondataserviceforapps",
                      "connectionName": "shared_commondataserviceforapps",
                      "operationId": "UpdateOnlyRecord"
                    },
                    "parameters": {
                      "entityName": "gap_applications",
                      "recordId": "@triggerOutputs()?['body/gap_applicationid']",
                      "item/ownerid@odata.bind": "systemusers(@{triggerOutputs()?['body/_gap_outcomeinitialreviewer_value']})"
                    },
                    "authentication": "@parameters('$authentication')"
                  }
                }
              },
              "runAfter": {},
              "expression": {
                "and": [
                  {
                    "not": {
                      "equals": [
                        "@triggerOutputs()?['body/_ownerid_value']",
                        "@triggerOutputs()?['body/_gap_outcomeinitialreviewer_value']"
                      ]
                    }
                  }
                ]
              },
              "metadata": {
                "operationMetadataId": "e901f75b-6e88-4ce2-9513-d36b35f3f069"
              },
              "type": "If"
            }
          },
          "runAfter": {
            "Initialize_Error_Message": [
              "Succeeded"
            ]
          },
          "metadata": {
            "operationMetadataId": "092fdc5d-ce42-4136-b396-b26c446812e7"
          },
          "type": "Scope"
        },
        "Catch": {
          "actions": {
            "Update_Application_Stage": {
              "runAfter": {},
              "metadata": {
                "operationMetadataId": "c01f1ba5-098e-4639-b581-0e8ae54f71db"
              },
              "type": "OpenApiConnection",
              "inputs": {
                "host": {
                  "apiId": "/providers/Microsoft.PowerApps/apis/shared_commondataserviceforapps",
                  "connectionName": "shared_commondataserviceforapps",
                  "operationId": "UpdateOnlyRecord"
                },
                "parameters": {
                  "entityName": "gap_applications",
                  "recordId": "@triggerOutputs()?['body/gap_applicationid']",
                  "item/gap_currentstage": "Error (Outcome Letter Distribution)"
                },
                "authentication": "@parameters('$authentication')"
              }
            },
            "Error_Message_Exists": {
              "actions": {
                "Add_Custom_Error_Message": {
                  "runAfter": {},
                  "metadata": {
                    "operationMetadataId": "c40533d9-5dda-4d48-a664-94a92cd9dde0"
                  },
                  "type": "OpenApiConnection",
                  "inputs": {
                    "host": {
                      "apiId": "/providers/Microsoft.PowerApps/apis/shared_commondataserviceforapps",
                      "connectionName": "shared_commondataserviceforapps",
                      "operationId": "CreateRecord"
                    },
                    "parameters": {
                      "entityName": "annotations",
                      "item/subject": "An error occurred.",
                      "item/notetext": "@variables('Error Message')",
                      "item/objectid_gap_application@odata.bind": "gap_applications(@{triggerOutputs()?['body/gap_applicationid']})"
                    },
                    "authentication": "@parameters('$authentication')"
                  }
                }
              },
              "runAfter": {
                "Update_Application_Stage": [
                  "Succeeded"
                ]
              },
              "else": {
                "actions": {
                  "Add_Standard_Error_Message": {
                    "runAfter": {},
                    "metadata": {
                      "operationMetadataId": "507ad442-a02a-4d4e-b8d9-9359cc9a5498"
                    },
                    "type": "OpenApiConnection",
                    "inputs": {
                      "host": {
                        "apiId": "/providers/Microsoft.PowerApps/apis/shared_commondataserviceforapps",
                        "connectionName": "shared_commondataserviceforapps",
                        "operationId": "CreateRecord"
                      },
                      "parameters": {
                        "entityName": "annotations",
                        "item/subject": "An error occurred.",
                        "item/notetext": "Flow Name: @{workflow()['name']}\nRun ID: @{workflow()['run']['name']}\nDate & Time: @{utcNow()}\nLink: @{concat('https://make.powerautomate.com/environments/', workflow()['tags']['environmentName'], '/solutions/', split(workflow()['tags']['environmentWorkflowId'], '-')[1], '/flows/', workflow()['tags']['xrmWorkflowId'])\r\n}",
                        "item/objectid_gap_application@odata.bind": "gap_applications(@{triggerOutputs()?['body/gap_applicationid']})"
                      },
                      "authentication": "@parameters('$authentication')"
                    }
                  }
                }
              },
              "expression": {
                "and": [
                  {
                    "greater": [
                      "@length(variables('Error Message'))",
                      0
                    ]
                  }
                ]
              },
              "metadata": {
                "operationMetadataId": "1abf9a7a-9378-4cd8-89cf-c8057215cd7f"
              },
              "type": "If"
            }
          },
          "runAfter": {
            "Try": [
              "Skipped",
              "TimedOut",
              "Failed"
            ]
          },
          "metadata": {
            "operationMetadataId": "a34e3d3e-d0b1-4534-ad2a-e7fd14b6b333"
          },
          "type": "Scope"
        },
        "Initialize_Error_Message": {
          "runAfter": {
            "Update_a_row_1": [
              "Succeeded"
            ]
          },
          "metadata": {
            "operationMetadataId": "0982c9dd-46a8-4f2d-97e2-667dcd28963d"
          },
          "type": "InitializeVariable",
          "inputs": {
            "variables": [
              {
                "name": "Error Message",
                "type": "string"
              }
            ]
          }
        },
        "Update_a_row_1": {
          "runAfter": {},
          "metadata": {
            "operationMetadataId": "c4a9ef8d-64c8-4a79-9d53-edcbf645e648"
          },
          "type": "OpenApiConnection",
          "inputs": {
            "host": {
              "apiId": "/providers/Microsoft.PowerApps/apis/shared_commondataserviceforapps",
              "connectionName": "shared_commondataserviceforapps",
              "operationId": "UpdateOnlyRecord"
            },
            "parameters": {
              "entityName": "gap_applications",
              "recordId": "@triggerOutputs()?['body/gap_applicationid']",
              "item/gap_initializedstage": "Outcome Letter Distribution"
            },
            "authentication": "@parameters('$authentication')"
          }
        }
      },
      "outputs": {}
    },
    "templateName": null
  },
  "schemaVersion": "1.0.0.0"
}