{
  "properties": {
    "connectionReferences": {
      "shared_commondataserviceforapps_1": {
        "runtimeSource": "embedded",
        "connection": {
          "connectionReferenceLogicalName": "gap_Dataverse"
        },
        "api": {
          "name": "shared_commondataserviceforapps"
        }
      }
    },
    "definition": {
      "$schema": "https://schema.management.azure.com/providers/Microsoft.Logic/schemas/2016-06-01/workflowdefinition.json#",
      "contentVersion": "1.0.0.0",
      "parameters": {
        "$connections": {
          "defaultValue": {},
          "type": "Object"
        },
        "$authentication": {
          "defaultValue": {},
          "type": "SecureObject"
        }
      },
      "triggers": {
        "Stage_Updated": {
          "metadata": {
            "operationMetadataId": "7d3f4745-3a29-47e8-924c-bd8ec01bf8bb"
          },
          "type": "OpenApiConnectionWebhook",
          "inputs": {
            "parameters": {
              "subscriptionRequest/message": 3,
              "subscriptionRequest/entityname": "gap_application",
              "subscriptionRequest/scope": 4,
              "subscriptionRequest/filteringattributes": "gap_currentstage",
              "subscriptionRequest/filterexpression": "gap_currentstage eq 'GFA (Unsigned) Distribution' and gap_initializedstage ne 'GFA (Unsigned) Distribution'",
              "subscriptionRequest/name": "841ec9fa-3b92-f011-b4cc-000d3a7f477d:MTA"
            },
            "host": {
              "connectionName": "shared_commondataserviceforapps_1",
              "operationId": "SubscribeWebhookTrigger",
              "apiId": "/providers/Microsoft.PowerApps/apis/shared_commondataserviceforapps"
            },
            "authentication": "@parameters('$authentication')"
          }
        }
      },
      "actions": {
        "Try": {
          "actions": {
            "Condition": {
              "actions": {
                "Update_a_row": {
                  "runAfter": {},
                  "metadata": {
                    "operationMetadataId": "7e58f831-f724-4aec-bfe9-1a30d3b22379"
                  },
                  "type": "OpenApiConnection",
                  "inputs": {
                    "parameters": {
                      "entityName": "gap_applications",
                      "recordId": "@triggerOutputs()?['body/gap_applicationid']",
                      "item/ownerid@odata.bind": "systemusers(@{triggerOutputs()?['body/_gap_initialreviewer_value']})"
                    },
                    "host": {
                      "connectionName": "shared_commondataserviceforapps_1",
                      "operationId": "UpdateOnlyRecord",
                      "apiId": "/providers/Microsoft.PowerApps/apis/shared_commondataserviceforapps"
                    },
                    "authentication": "@parameters('$authentication')"
                  }
                }
              },
              "runAfter": {},
              "expression": {
                "and": [
                  {
                    "not": {
                      "equals": [
                        "@triggerOutputs()?['body/_ownerid_value']",
                        "@triggerOutputs()?['body/_gap_initialreviewer_value']"
                      ]
                    }
                  }
                ]
              },
              "metadata": {
                "operationMetadataId": "58896fb5-6991-40c5-9b4a-459b3f517797"
              },
              "type": "If"
            }
          },
          "runAfter": {
            "Initialize_Error_Message": [
              "Succeeded"
            ]
          },
          "metadata": {
            "operationMetadataId": "092fdc5d-ce42-4136-b396-b26c446812e7"
          },
          "type": "Scope"
        },
        "Catch": {
          "actions": {
            "Update_Application_Stage": {
              "runAfter": {},
              "metadata": {
                "operationMetadataId": "c01f1ba5-098e-4639-b581-0e8ae54f71db"
              },
              "type": "OpenApiConnection",
              "inputs": {
                "parameters": {
                  "entityName": "gap_applications",
                  "recordId": "@triggerOutputs()?['body/gap_applicationid']",
                  "item/gap_currentstage": "Error (GFA (Unsigned) Distribution)"
                },
                "host": {
                  "connectionName": "shared_commondataserviceforapps_1",
                  "operationId": "UpdateOnlyRecord",
                  "apiId": "/providers/Microsoft.PowerApps/apis/shared_commondataserviceforapps"
                },
                "authentication": "@parameters('$authentication')"
              }
            },
            "Error_Message_Exists": {
              "actions": {
                "Add_Custom_Error_Message": {
                  "runAfter": {},
                  "metadata": {
                    "operationMetadataId": "498abd03-8624-4438-8950-6cb002f27be6"
                  },
                  "type": "OpenApiConnection",
                  "inputs": {
                    "parameters": {
                      "entityName": "annotations",
                      "item/subject": "An error occurred.",
                      "item/notetext": "@variables('Error Message')",
                      "item/objectid_gap_application@odata.bind": "gap_applications(@{triggerOutputs()?['body/gap_applicationid']})"
                    },
                    "host": {
                      "connectionName": "shared_commondataserviceforapps_1",
                      "operationId": "CreateRecord",
                      "apiId": "/providers/Microsoft.PowerApps/apis/shared_commondataserviceforapps"
                    },
                    "authentication": "@parameters('$authentication')"
                  }
                }
              },
              "runAfter": {
                "Update_Application_Stage": [
                  "Succeeded"
                ]
              },
              "else": {
                "actions": {
                  "Add_Standard_Error_Message": {
                    "runAfter": {},
                    "metadata": {
                      "operationMetadataId": "6ba7e3f6-2546-437d-af59-665a7e582084"
                    },
                    "type": "OpenApiConnection",
                    "inputs": {
                      "parameters": {
                        "entityName": "annotations",
                        "item/subject": "An error occurred.",
                        "item/notetext": "Flow Name: @{workflow()['name']}\nRun ID: @{workflow()['run']['name']}\nDate & Time: @{utcNow()}\nLink: @{concat('https://make.powerautomate.com/environments/', workflow()['tags']['environmentName'], '/solutions/', split(workflow()['tags']['environmentWorkflowId'], '-')[1], '/flows/', workflow()['tags']['xrmWorkflowId'])\n}",
                        "item/objectid_gap_application@odata.bind": "gap_applications(@{triggerOutputs()?['body/gap_applicationid']})"
                      },
                      "host": {
                        "connectionName": "shared_commondataserviceforapps_1",
                        "operationId": "CreateRecord",
                        "apiId": "/providers/Microsoft.PowerApps/apis/shared_commondataserviceforapps"
                      },
                      "authentication": "@parameters('$authentication')"
                    }
                  }
                }
              },
              "expression": {
                "and": [
                  {
                    "greater": [
                      "@length(variables('Error Message'))",
                      0
                    ]
                  }
                ]
              },
              "metadata": {
                "operationMetadataId": "7959393a-288a-45c7-9e35-17e5c2ec5d9b"
              },
              "type": "If"
            }
          },
          "runAfter": {
            "Try": [
              "Skipped",
              "TimedOut",
              "Failed"
            ]
          },
          "metadata": {
            "operationMetadataId": "a34e3d3e-d0b1-4534-ad2a-e7fd14b6b333"
          },
          "type": "Scope"
        },
        "Initialize_Error_Message": {
          "runAfter": {
            "Update_a_row_1": [
              "Succeeded"
            ]
          },
          "metadata": {
            "operationMetadataId": "0982c9dd-46a8-4f2d-97e2-667dcd28963d"
          },
          "type": "InitializeVariable",
          "inputs": {
            "variables": [
              {
                "name": "Error Message",
                "type": "string"
              }
            ]
          }
        },
        "Update_a_row_1": {
          "runAfter": {},
          "metadata": {
            "operationMetadataId": "7271d5ae-8dcd-4869-babe-a440e6e21b2c"
          },
          "type": "OpenApiConnection",
          "inputs": {
            "parameters": {
              "entityName": "gap_applications",
              "recordId": "@triggerOutputs()?['body/gap_applicationid']",
              "item/gap_initializedstage": "GFA (Unsigned) Distribution"
            },
            "host": {
              "connectionName": "shared_commondataserviceforapps_1",
              "operationId": "UpdateOnlyRecord",
              "apiId": "/providers/Microsoft.PowerApps/apis/shared_commondataserviceforapps"
            },
            "authentication": "@parameters('$authentication')"
          }
        }
      },
      "outputs": {}
    },
    "templateName": ""
  },
  "schemaVersion": "1.0.0.0"
}