{
  "properties": {
    "connectionReferences": {
      "shared_commondataserviceforapps_1": {
        "runtimeSource": "embedded",
        "connection": {
          "connectionReferenceLogicalName": "gap_Dataverse"
        },
        "api": {
          "name": "shared_commondataserviceforapps"
        }
      }
    },
    "definition": {
      "$schema": "https://schema.management.azure.com/providers/Microsoft.Logic/schemas/2016-06-01/workflowdefinition.json#",
      "contentVersion": "1.0.0.0",
      "parameters": {
        "$connections": {
          "defaultValue": {},
          "type": "Object"
        },
        "$authentication": {
          "defaultValue": {},
          "type": "SecureObject"
        }
      },
      "triggers": {
        "Stage_Updated": {
          "metadata": {
            "operationMetadataId": "7d3f4745-3a29-47e8-924c-bd8ec01bf8bb"
          },
          "type": "OpenApiConnectionWebhook",
          "inputs": {
            "parameters": {
              "subscriptionRequest/message": 3,
              "subscriptionRequest/entityname": "gap_application",
              "subscriptionRequest/scope": 4,
              "subscriptionRequest/filteringattributes": "gap_currentstage",
              "subscriptionRequest/filterexpression": "gap_currentstage eq 'GFA Generation' and gap_initializedstage ne 'GFA Generation'",
              "subscriptionRequest/name": "83ba5644-3492-f011-b4cb-7c1e521d5e1a:MTA"
            },
            "host": {
              "connectionName": "shared_commondataserviceforapps_1",
              "operationId": "SubscribeWebhookTrigger",
              "apiId": "/providers/Microsoft.PowerApps/apis/shared_commondataserviceforapps"
            },
            "authentication": "@parameters('$authentication')"
          }
        }
      },
      "actions": {
        "Try": {
          "actions": {
            "Application_Owner_Requires_Update": {
              "actions": {
                "Update_Owner": {
                  "runAfter": {},
                  "metadata": {
                    "operationMetadataId": "a2db9bc6-cf1b-4bc2-9c03-0ed55630a353"
                  },
                  "type": "OpenApiConnection",
                  "inputs": {
                    "parameters": {
                      "entityName": "gap_applications",
                      "recordId": "@triggerOutputs()?['body/gap_applicationid']",
                      "item/ownerid@odata.bind": "systemusers(@{triggerOutputs()?['body/_gap_initialreviewer_value']})"
                    },
                    "host": {
                      "connectionName": "shared_commondataserviceforapps_1",
                      "operationId": "UpdateOnlyRecord",
                      "apiId": "/providers/Microsoft.PowerApps/apis/shared_commondataserviceforapps"
                    },
                    "authentication": "@parameters('$authentication')"
                  }
                }
              },
              "runAfter": {},
              "expression": {
                "and": [
                  {
                    "not": {
                      "equals": [
                        "@triggerOutputs()?['body/_ownerid_value']",
                        "@triggerOutputs()?['body/_gap_initialreviewer_value']"
                      ]
                    }
                  }
                ]
              },
              "metadata": {
                "operationMetadataId": "eea7e862-1bd4-4937-ab43-e874ff733fcf"
              },
              "type": "If"
            }
          },
          "runAfter": {
            "Initialize_Error_Message": [
              "Succeeded"
            ]
          },
          "metadata": {
            "operationMetadataId": "2114643a-8602-41b8-8a15-730f92005099"
          },
          "type": "Scope"
        },
        "Catch": {
          "actions": {
            "Update_Application_Stage": {
              "runAfter": {},
              "metadata": {
                "operationMetadataId": "c01f1ba5-098e-4639-b581-0e8ae54f71db"
              },
              "type": "OpenApiConnection",
              "inputs": {
                "parameters": {
                  "entityName": "gap_applications",
                  "recordId": "@triggerOutputs()?['body/gap_applicationid']",
                  "item/gap_currentstage": "Error (GFA Generation)"
                },
                "host": {
                  "connectionName": "shared_commondataserviceforapps_1",
                  "operationId": "UpdateOnlyRecord",
                  "apiId": "/providers/Microsoft.PowerApps/apis/shared_commondataserviceforapps"
                },
                "authentication": "@parameters('$authentication')"
              }
            },
            "Error_Message_Exists": {
              "actions": {
                "Add_Custom_Error_Message": {
                  "runAfter": {},
                  "metadata": {
                    "operationMetadataId": "d507b490-ebc3-46e3-8c4a-05c9d761f6e3"
                  },
                  "type": "OpenApiConnection",
                  "inputs": {
                    "parameters": {
                      "entityName": "annotations",
                      "item/subject": "An error occurred.",
                      "item/notetext": "@variables('Error Message')",
                      "item/objectid_gap_application@odata.bind": "gap_applications(@{triggerOutputs()?['body/gap_applicationid']})"
                    },
                    "host": {
                      "connectionName": "shared_commondataserviceforapps_1",
                      "operationId": "CreateRecord",
                      "apiId": "/providers/Microsoft.PowerApps/apis/shared_commondataserviceforapps"
                    },
                    "authentication": "@parameters('$authentication')"
                  }
                }
              },
              "runAfter": {
                "Update_Application_Stage": [
                  "Succeeded"
                ]
              },
              "else": {
                "actions": {
                  "Add_Standard_Error_Message": {
                    "runAfter": {},
                    "metadata": {
                      "operationMetadataId": "c77bf0a7-39c2-42e9-b8b8-2f2aa28abe93"
                    },
                    "type": "OpenApiConnection",
                    "inputs": {
                      "parameters": {
                        "entityName": "annotations",
                        "item/subject": "An error occurred.",
                        "item/notetext": "Flow Name: @{workflow()['name']}\nRun ID: @{workflow()['run']['name']}\nDate & Time: @{utcNow()}\nLink: @{concat('https://make.powerautomate.com/environments/', workflow()['tags']['environmentName'], '/solutions/', split(workflow()['tags']['environmentWorkflowId'], '-')[1], '/flows/', workflow()['tags']['xrmWorkflowId'])\n}",
                        "item/objectid_gap_application@odata.bind": "gap_applications(@{triggerOutputs()?['body/gap_applicationid']})"
                      },
                      "host": {
                        "connectionName": "shared_commondataserviceforapps_1",
                        "operationId": "CreateRecord",
                        "apiId": "/providers/Microsoft.PowerApps/apis/shared_commondataserviceforapps"
                      },
                      "authentication": "@parameters('$authentication')"
                    }
                  }
                }
              },
              "expression": {
                "and": [
                  {
                    "greater": [
                      "@length(variables('Error Message'))",
                      0
                    ]
                  }
                ]
              },
              "metadata": {
                "operationMetadataId": "e11b2581-7f8e-4911-8f7c-0755f73734ff"
              },
              "type": "If"
            }
          },
          "runAfter": {
            "Try": [
              "Skipped",
              "TimedOut",
              "Failed"
            ]
          },
          "metadata": {
            "operationMetadataId": "4abc16b2-86fd-44c8-a666-b8d964afe953"
          },
          "type": "Scope"
        },
        "Initialize_Error_Message": {
          "runAfter": {
            "Update_a_row": [
              "Succeeded"
            ]
          },
          "metadata": {
            "operationMetadataId": "9793f906-6377-4d3e-831b-175621f2a7e2"
          },
          "type": "InitializeVariable",
          "inputs": {
            "variables": [
              {
                "name": "Error Message",
                "type": "string"
              }
            ]
          }
        },
        "Update_a_row": {
          "runAfter": {},
          "metadata": {
            "operationMetadataId": "7271d5ae-8dcd-4869-babe-a440e6e21b2c"
          },
          "type": "OpenApiConnection",
          "inputs": {
            "parameters": {
              "entityName": "gap_applications",
              "recordId": "@triggerOutputs()?['body/gap_applicationid']",
              "item/gap_initializedstage": "GFA Generation"
            },
            "host": {
              "connectionName": "shared_commondataserviceforapps_1",
              "operationId": "UpdateOnlyRecord",
              "apiId": "/providers/Microsoft.PowerApps/apis/shared_commondataserviceforapps"
            },
            "authentication": "@parameters('$authentication')"
          }
        }
      },
      "outputs": {}
    },
    "templateName": ""
  },
  "schemaVersion": "1.0.0.0"
}