{
  "properties": {
    "connectionReferences": {
      "shared_commondataserviceforapps": {
        "runtimeSource": "embedded",
        "connection": {
          "connectionReferenceLogicalName": "new_sharedcommondataserviceforapps_7d132"
        },
        "api": {
          "name": "shared_commondataserviceforapps"
        }
      }
    },
    "definition": {
      "$schema": "https://schema.management.azure.com/providers/Microsoft.Logic/schemas/2016-06-01/workflowdefinition.json#",
      "contentVersion": "1.0.0.0",
      "parameters": {
        "$connections": {
          "defaultValue": {},
          "type": "Object"
        },
        "$authentication": {
          "defaultValue": {},
          "type": "SecureObject"
        }
      },
      "triggers": {
        "When_a_row_is_added,_modified_or_deleted": {
          "metadata": {
            "operationMetadataId": "7eccce1e-23b0-41b7-a109-15d4b55e0c71"
          },
          "type": "OpenApiConnectionWebhook",
          "inputs": {
            "host": {
              "connectionName": "shared_commondataserviceforapps",
              "operationId": "SubscribeWebhookTrigger",
              "apiId": "/providers/Microsoft.PowerApps/apis/shared_commondataserviceforapps"
            },
            "parameters": {
              "subscriptionRequest/message": 3,
              "subscriptionRequest/entityname": "gap_application",
              "subscriptionRequest/scope": 4,
              "subscriptionRequest/filteringattributes": "gap_startbankdetailsextraction",
              "subscriptionRequest/filterexpression": "gap_startbankdetailsextraction ne null"
            },
            "authentication": "@parameters('$authentication')"
          }
        }
      },
      "actions": {
        "Perform_a_bound_action": {
          "runAfter": {},
          "metadata": {
            "operationMetadataId": "6f85c04e-4ce3-4bf0-ad20-19217bbde2cb"
          },
          "type": "OpenApiConnection",
          "inputs": {
            "host": {
              "connectionName": "shared_commondataserviceforapps",
              "operationId": "PerformBoundAction",
              "apiId": "/providers/Microsoft.PowerApps/apis/shared_commondataserviceforapps"
            },
            "parameters": {
              "entityName": "gap_applications",
              "actionName": "Microsoft.Dynamics.CRM.gap_ProcessGfaPdfV2",
              "recordId": "@triggerOutputs()?['body/gap_applicationid']"
            },
            "authentication": "@parameters('$authentication')"
          }
        }
      }
    },
    "templateName": ""
  },
  "schemaVersion": "1.0.0.0"
}