{
  "properties": {
    "connectionReferences": {
      "shared_commondataserviceforapps-1": {
        "impersonation": {},
        "runtimeSource": "embedded",
        "connection": {
          "connectionReferenceLogicalName": "gap_Dataverse"
        },
        "api": {
          "name": "shared_commondataserviceforapps"
        }
      }
    },
    "definition": {
      "$schema": "https://schema.management.azure.com/providers/Microsoft.Logic/schemas/2016-06-01/workflowdefinition.json#",
      "contentVersion": "1.0.0.0",
      "parameters": {
        "$connections": {
          "defaultValue": {},
          "type": "Object"
        },
        "$authentication": {
          "defaultValue": {},
          "type": "SecureObject"
        }
      },
      "triggers": {
        "manual": {
          "metadata": {
            "operationMetadataId": "92b157d2-fc15-4351-aa2d-e0fe628cbcb7"
          },
          "type": "Request",
          "kind": "Button",
          "inputs": {
            "schema": {
              "type": "object",
              "properties": {},
              "required": []
            }
          }
        }
      },
      "actions": {
        "Initialize_variable_-_Application_Limit": {
          "runAfter": {},
          "metadata": {
            "operationMetadataId": "c03946aa-4bc4-4f8b-98d1-ff31b5699ef7"
          },
          "type": "InitializeVariable",
          "inputs": {
            "variables": [
              {
                "name": "Application Limit",
                "type": "integer",
                "value": 1000
              }
            ]
          }
        },
        "Initialize_variable_-_Application_Count": {
          "runAfter": {
            "Initialize_variable_-_Application_Limit": [
              "Succeeded"
            ]
          },
          "metadata": {
            "operationMetadataId": "0a567a78-1d49-47b8-827b-42582c96bfa5"
          },
          "type": "InitializeVariable",
          "inputs": {
            "variables": [
              {
                "name": "Application Count",
                "type": "integer",
                "value": 0
              }
            ]
          }
        },
        "Do_until": {
          "actions": {
            "Add_a_new_row": {
              "runAfter": {},
              "metadata": {
                "operationMetadataId": "d4611762-3a5b-4e41-82fe-f6225acbe613"
              },
              "type": "OpenApiConnection",
              "inputs": {
                "host": {
                  "connectionName": "shared_commondataserviceforapps-1",
                  "operationId": "CreateRecord",
                  "apiId": "/providers/Microsoft.PowerApps/apis/shared_commondataserviceforapps"
                },
                "parameters": {
                  "entityName": "gap_applications",
                  "item/gap_id": "ID-@{rand(1,100000000)}",
                  "item/gap_Scheme@odata.bind": "gap_schemes(5aa222c5-cbfc-45e9-be3c-3fdc2d277a90)",
                  "item/gap_stage": 803260000,
                  "item/gap_submissionid": "test-123",
                  "item/gap_submittedon": "@utcNow()",
                  "item/gap_finalgfasenton": "@utcNow()",
                  "item/gap_fundingagreementvalue": 100,
                  "item/gap_gapid": "GAP-ID-@{rand(1,100000000)}",
                  "item/gap_Organization@odata.bind": "accounts(f614d874-d89a-f011-b41b-000d3ad61ba8)"
                },
                "authentication": {
                  "type": "Raw",
                  "value": "@json(decodeBase64(triggerOutputs().headers['X-MS-APIM-Tokens']))['$ConnectionKey']"
                }
              }
            },
            "Increment_variable": {
              "runAfter": {
                "Add_a_new_row": [
                  "Succeeded"
                ]
              },
              "metadata": {
                "operationMetadataId": "d60d02b4-4c64-4541-baf6-31ff493b8910"
              },
              "type": "IncrementVariable",
              "inputs": {
                "name": "Application Count",
                "value": 1
              }
            }
          },
          "runAfter": {
            "Initialize_variable_-_Application_Count": [
              "Succeeded"
            ]
          },
          "expression": "@equals(variables('Application Count'), variables('Application Limit'))",
          "limit": {
            "count": 60,
            "timeout": "PT1H"
          },
          "metadata": {
            "operationMetadataId": "c3ad4d34-e4be-4aa2-8732-92334fe2974b"
          },
          "type": "Until"
        }
      },
      "outputs": {}
    },
    "templateName": ""
  },
  "schemaVersion": "1.0.0.0"
}