<appaction uniquename="gap__ConfirmGFAEmailRe!4bb4a26c82864510acf369bee5d0e04b!gap_DEMO!gap_application!0">
  <appmoduleid>
    <uniquename>gap_DEMO</uniquename>
  </appmoduleid>
  <buttonlabeltext default="Confirm GFA Email Review">
    <label description="Confirm GFA Email Review" languagecode="1033" />
  </buttonlabeltext>
  <context>1</context>
  <contextentity>
    <logicalname>gap_application</logicalname>
  </contextentity>
  <contextvalue>gap_application</contextvalue>
  <fonticon>$clientsvg:Accept</fonticon>
  <hidden>0</hidden>
  <iscustomizable>1</iscustomizable>
  <isdisabled>0</isdisabled>
  <isgrouptitlehidden>0</isgrouptitlehidden>
  <location>0</location>
  <name>ConfirmGFAEmailRe!4bb4a26c82864510acf369bee5d0e04b</name>
  <onclickeventformulacomponentlibraryid>
    <name>gap_demodefaultcommandlibrary_7c943</name>
  </onclickeventformulacomponentlibraryid>
  <onclickeventformulacomponentname>d7c5757235924b9a9e968cfc63f0e4b7</onclickeventformulacomponentname>
  <onclickeventformulafunctionname>OnSelect</onclickeventformulafunctionname>
  <onclickeventtype>1</onclickeventtype>
  <origin>0</origin>
  <parentappactionid>
    <uniquename>gap__NewGroup!504a1cfd7777461f8faa356442035cd6!gap_DEMO!gap_application!0</uniquename>
  </parentappactionid>
  <sequence>60000.0000000000</sequence>
  <statecode>0</statecode>
  <statuscode>1</statuscode>
  <type>0</type>
  <visibilityformulacomponentlibraryid>
    <name>gap_demodefaultcommandlibrary_7c943</name>
  </visibilityformulacomponentlibraryid>
  <visibilityformulacomponentname>d7c5757235924b9a9e968cfc63f0e4b7</visibilityformulacomponentname>
  <visibilityformulafunctionname>Visible</visibilityformulafunctionname>
  <visibilitytype>1</visibilitytype>
</appaction>