<appaction uniquename="gap__SubmitGGMSRecomme!d2370666dc2942288b7f6a91225ab82a!gap_DEMO!gap_application!0">
  <appmoduleid>
    <uniquename>gap_DEMO</uniquename>
  </appmoduleid>
  <buttonaccessibilitytext default="Submit GGMS Recommendation">
    <label description="Submit GGMS Recommendation" languagecode="1033" />
  </buttonaccessibilitytext>
  <buttonlabeltext default="Submit GGMS Recommendation">
    <label description="Submit GGMS Recommendation" languagecode="1033" />
  </buttonlabeltext>
  <buttontooltipdescription default="Button to submit GGMS recommendation">
    <label description="Button to submit GGMS recommendation" languagecode="1033" />
  </buttontooltipdescription>
  <buttontooltiptitle default="Submit GGMS Recommendation">
    <label description="Submit GGMS Recommendation" languagecode="1033" />
  </buttontooltiptitle>
  <context>1</context>
  <contextentity>
    <logicalname>gap_application</logicalname>
  </contextentity>
  <contextvalue>gap_application</contextvalue>
  <fonticon>$clientsvg:Accept</fonticon>
  <hidden>0</hidden>
  <iscustomizable>1</iscustomizable>
  <isdisabled>0</isdisabled>
  <isgrouptitlehidden>0</isgrouptitlehidden>
  <location>0</location>
  <name>SubmitGGMSRecomme!d2370666dc2942288b7f6a91225ab82a</name>
  <onclickeventformulacomponentlibraryid>
    <name>gap_demodefaultcommandlibrary_7c943</name>
  </onclickeventformulacomponentlibraryid>
  <onclickeventformulacomponentname>3e766a726f2c4dbdaeef9b6bec72f305</onclickeventformulacomponentname>
  <onclickeventformulafunctionname>OnSelect</onclickeventformulafunctionname>
  <onclickeventtype>1</onclickeventtype>
  <origin>0</origin>
  <parentappactionid>
    <uniquename>gap__NewGroup!16007fcd8bc145dc8e65ef7e8b696df1!gap_DEMO!gap_application!0</uniquename>
  </parentappactionid>
  <sequence>100000.0000000000</sequence>
  <statecode>0</statecode>
  <statuscode>1</statuscode>
  <type>0</type>
  <visibilityformulacomponentlibraryid>
    <name>gap_demodefaultcommandlibrary_7c943</name>
  </visibilityformulacomponentlibraryid>
  <visibilityformulacomponentname>3e766a726f2c4dbdaeef9b6bec72f305</visibilityformulacomponentname>
  <visibilityformulafunctionname>Visible</visibilityformulafunctionname>
  <visibilitytype>1</visibilitytype>
</appaction>