<aiskillconfig uniquename="ais_FormFillFieldOptOut_gap_monitoringactivitytemplate_gap_expectedpaymentdate">
  <aiskill>FormFillFieldOptOut</aiskill>
  <attribute>
    <entityid.logicalname>gap_monitoringactivitytemplate</entityid.logicalname>
    <logicalname>gap_expectedpaymentdate</logicalname>
  </attribute>
  <description>gap_monitoringactivitytemplate - Expected Payment Date Form fill opt out</description>
  <entity>
    <logicalname>gap_monitoringactivitytemplate</logicalname>
  </entity>
  <iscustomizable>1</iscustomizable>
  <scope>1</scope>
  <statecode>0</statecode>
  <statuscode>1</statuscode>
</aiskillconfig>