<appaction uniquename="gap__SubmitFinalSubjec!75c01aeb56044910a3295a87e8138e68!gap_DEMO!gap_application!0">
  <appmoduleid>
    <uniquename>gap_DEMO</uniquename>
  </appmoduleid>
  <buttonaccessibilitytext default="Submit Final Subjective Scoring">
    <label description="Submit Final Subjective Scoring" languagecode="1033" />
  </buttonaccessibilitytext>
  <buttonlabeltext default="Submit (Final) Subjective Scoring">
    <label description="Submit (Final) Subjective Scoring" languagecode="1033" />
  </buttonlabeltext>
  <buttontooltipdescription default="Button to Submit Final Subjective Scoring">
    <label description="Button to Submit Final Subjective Scoring" languagecode="1033" />
  </buttontooltipdescription>
  <buttontooltiptitle default="Submit Final Subjective Scoring">
    <label description="Submit Final Subjective Scoring" languagecode="1033" />
  </buttontooltiptitle>
  <context>1</context>
  <contextentity>
    <logicalname>gap_application</logicalname>
  </contextentity>
  <contextvalue>gap_application</contextvalue>
  <fonticon>$clientsvg:Accept</fonticon>
  <hidden>0</hidden>
  <iscustomizable>1</iscustomizable>
  <isdisabled>0</isdisabled>
  <isgrouptitlehidden>0</isgrouptitlehidden>
  <location>0</location>
  <name>SubmitFinalSubjec!75c01aeb56044910a3295a87e8138e68</name>
  <onclickeventformulacomponentlibraryid>
    <name>gap_demodefaultcommandlibrary_7c943</name>
  </onclickeventformulacomponentlibraryid>
  <onclickeventformulacomponentname>9dcadac0aefa4fde9084616f323aa456</onclickeventformulacomponentname>
  <onclickeventformulafunctionname>OnSelect</onclickeventformulafunctionname>
  <onclickeventtype>1</onclickeventtype>
  <origin>0</origin>
  <parentappactionid>
    <uniquename>gap__NewGroup!16007fcd8bc145dc8e65ef7e8b696df1!gap_DEMO!gap_application!0</uniquename>
  </parentappactionid>
  <sequence>90000.0000000000</sequence>
  <statecode>0</statecode>
  <statuscode>1</statuscode>
  <type>0</type>
  <visibilityformulacomponentlibraryid>
    <name>gap_demodefaultcommandlibrary_7c943</name>
  </visibilityformulacomponentlibraryid>
  <visibilityformulacomponentname>9dcadac0aefa4fde9084616f323aa456</visibilityformulacomponentname>
  <visibilityformulafunctionname>Visible</visibilityformulafunctionname>
  <visibilitytype>1</visibilitytype>
</appaction>