<aiskillconfig uniquename="ais_FormFillFieldOptOut_gap_application_gap_vrn">
  <aiskill>FormFillFieldOptOut</aiskill>
  <attribute>
    <entityid.logicalname>gap_application</entityid.logicalname>
    <logicalname>gap_vrn</logicalname>
  </attribute>
  <description>gap_application - VRN Form fill opt out</description>
  <entity>
    <logicalname>gap_application</logicalname>
  </entity>
  <iscustomizable>1</iscustomizable>
  <scope>1</scope>
  <statecode>0</statecode>
  <statuscode>1</statuscode>
</aiskillconfig>