{"swagger":"2.0","info":{"title":"MOT History API","description":"","version":"1.0"},"host":"@environmentVariables(\"gap_MOTHistoryEndpointURL\")","basePath":"/","schemes":["https"],"consumes":[],"produces":[],"paths":{"/v1/trade/vehicles/registration/{registrationNumber}":{"get":{"responses":{"default":{"description":"default","schema":{"type":"object","properties":{"registration":{"type":"string","description":"registration"},"make":{"type":"string","description":"make"},"model":{"type":"string","description":"model"},"firstUsedDate":{"type":"string","description":"firstUsedDate"},"fuelType":{"type":"string","description":"fuelType"},"primaryColour":{"type":"string","description":"primaryColour"},"registrationDate":{"type":"string","description":"registrationDate"},"manufactureDate":{"type":"string","description":"manufactureDate"},"engineSize":{"type":"string","description":"engineSize"},"hasOutstandingRecall":{"type":"string","description":"hasOutstandingRecall"},"motTests":{"type":"array","items":{"type":"object","properties":{"registrationAtTimeOfTest":{"type":"string","description":"registrationAtTimeOfTest"},"completedDate":{"type":"string","description":"completedDate"},"testResult":{"type":"string","description":"testResult"},"expiryDate":{"type":"string","description":"expiryDate"},"odometerValue":{"type":"string","description":"odometerValue"},"odometerUnit":{"type":"string","description":"odometerUnit"},"odometerResultType":{"type":"string","description":"odometerResultType"},"motTestNumber":{"type":"string","description":"motTestNumber"},"dataSource":{"type":"string","description":"dataSource"},"defects":{"type":"array","items":{"type":"object","properties":{"text":{"type":"string","description":"text"},"type":{"type":"string","description":"type"},"dangerous":{"type":"boolean","description":"dangerous"}}},"description":"defects"},"location":{"type":"string","description":"location"}}},"description":"motTests"}}}}},"summary":"Get MOT Tests","operationId":"GetMOTTests","parameters":[{"name":"registrationNumber","in":"path","required":true,"type":"string"},{"name":"accept","in":"header","required":false,"type":"string"},{"name":"X-API-Key","in":"header","required":false,"type":"string"}],"description":"Get MOT Tests using a vehicle's registration number."}}},"definitions":{},"parameters":{},"responses":{},"securityDefinitions":{"oauth2-auth":{"type":"oauth2","flow":"accessCode","authorizationUrl":"https://login.microsoftonline.com/common/oauth2/authorize","tokenUrl":"https://login.windows.net/common/oauth2/authorize","scopes":{"https://tapi.dvsa.gov.uk/.default":"https://tapi.dvsa.gov.uk/.default"}},"oAuthClientCredentials":{"type":"oauth2","flow":"application","tokenUrl":"https://login.windows.net/common/oauth2/authorize","scopes":{"https://tapi.dvsa.gov.uk/.default":"https://tapi.dvsa.gov.uk/.default"}},"certOauth":{"type":"oauth2","flow":"application","tokenUrl":"https://login.windows.net/common/oauth2/authorize","scopes":{"https://tapi.dvsa.gov.uk/.default":"https://tapi.dvsa.gov.uk/.default"}}},"security":[{"oauth2-auth":["https://tapi.dvsa.gov.uk/.default"]},{"oAuthClientCredentials":["https://tapi.dvsa.gov.uk/.default"]},{"certOauth":["https://tapi.dvsa.gov.uk/.default"]}],"tags":[]}