{"token":{"type":"oauthSetting","oAuthSettings":{"identityProvider":"aad","clientId":"@environmentVariables(\"gap_MOTHistoryClientID\")","scopes":["https://tapi.dvsa.gov.uk/.default"],"redirectMode":"GlobalPerConnector","redirectUrl":"https://global.consent.azure-apim.net/redirect/mot-20history-20api-5fd78db9986efe513d-5f414a657dd3328abf","properties":{"IsFirstParty":"False","AzureActiveDirectoryResourceId":"https://tapi.dvsa.gov.uk","IsOnbehalfofLoginSupported":true},"customParameters":{"LoginUri":{"value":"https://login.microsoftonline.com"},"TenantId":{"value":"a455b827-244f-4c97-b5b4-ce5d13b4d00c"},"ResourceUri":{"value":"https://tapi.dvsa.gov.uk"},"EnableOnbehalfOfLogin":{"value":false}},"clientSecret":"@environmentVariables(\"gap_MOTHistoryClientSecret\")"},"uiDefinition":{"displayName":"OAuth Connection","description":"OAuth Connection","constraints":{"required":"true","hidden":"false"}}},"token:TenantId":{"type":"string","metadata":{"sourceType":"AzureActiveDirectoryTenant"},"uiDefinition":{"constraints":{"required":"false","hidden":"true"}}}}