{"uiDefinition":{"displayName":"Authentication Type","description":"Type of authentication to be used."},"values":[{"name":"oauth2-auth","uiDefinition":{"displayName":"OAuth Connection","description":"OAuth Connection"},"parameters":{"token":{"type":"oauthSetting","oAuthSettings":{"identityProvider":"aad","clientId":"@environmentVariables(\"gap_MOTHistoryClientID\")","scopes":["https://tapi.dvsa.gov.uk/.default"],"redirectMode":"GlobalPerConnector","redirectUrl":"https://global.consent.azure-apim.net/redirect/mot-20history-20api-5fd78db9986efe513d-5f414a657dd3328abf","properties":{"IsFirstParty":"False","AzureActiveDirectoryResourceId":"https://tapi.dvsa.gov.uk","IsOnbehalfofLoginSupported":true},"customParameters":{"grantType":{"value":"code"},"LoginUri":{"value":"https://login.microsoftonline.com"},"TenantId":{"value":"a455b827-244f-4c97-b5b4-ce5d13b4d00c"},"ResourceUri":{"value":"https://tapi.dvsa.gov.uk"},"EnableOnbehalfOfLogin":{"value":false}},"clientSecret":"@environmentVariables(\"gap_MOTHistoryClientSecret\")"},"uiDefinition":{"displayName":"OAuth Connection","description":"OAuth Connection","constraints":{"required":"true","hidden":"false"}}}},"metadata":{"allowSharing":false}},{"name":"oAuthClientCredentials","uiDefinition":{"displayName":"Service Principal Connection","description":"Service Principal Connection"},"parameters":{"token":{"type":"oauthSetting","oAuthSettings":{"identityProvider":"aad","clientId":"@environmentVariables(\"gap_MOTHistoryClientID\")","scopes":["https://tapi.dvsa.gov.uk/.default"],"redirectMode":"GlobalPerConnector","redirectUrl":"https://global.consent.azure-apim.net/redirect/mot-20history-20api-5fd78db9986efe513d-5f414a657dd3328abf","properties":{"IsFirstParty":"False","AzureActiveDirectoryResourceId":"https://tapi.dvsa.gov.uk","IsOnbehalfofLoginSupported":true},"customParameters":{"grantType":{"value":"client_credentials"},"LoginUri":{"value":"https://login.microsoftonline.com"},"TenantId":{"value":"a455b827-244f-4c97-b5b4-ce5d13b4d00c"},"ResourceUri":{"value":"https://tapi.dvsa.gov.uk"},"EnableOnbehalfOfLogin":{"value":false}},"clientSecret":"@environmentVariables(\"gap_MOTHistoryClientSecret\")"},"uiDefinition":{"displayName":"Service Principal Connection","description":"Service Principal Connection","constraints":{"required":"false","hidden":"true"}}},"token:clientId":{"type":"string","uiDefinition":{"displayName":"Client ID","schema":{"type":"string","description":"Client (or Application) ID of your application"},"constraints":{"required":"true","hidden":"false"}}},"token:clientSecret":{"type":"securestring","uiDefinition":{"displayName":"Client Secret","schema":{"type":"securestring","description":"Client secret of your application"},"constraints":{"required":"true","hidden":"false"}}},"token:TenantId":{"type":"string","uiDefinition":{"displayName":"Tenant","schema":{"type":"string","description":"The tenant ID of your application"},"constraints":{"required":"true","hidden":"false"}}}},"metadata":{"allowSharing":true}},{"name":"certOauth","uiDefinition":{"displayName":"Client Certificate Auth","description":"Provide Microsoft Entra ID credentials using PFX certificate and password"},"parameters":{"token":{"type":"oauthSetting","oAuthSettings":{"identityProvider":"aad","clientId":"@environmentVariables(\"gap_MOTHistoryClientID\")","scopes":["https://tapi.dvsa.gov.uk/.default"],"redirectMode":"GlobalPerConnector","redirectUrl":"https://global.consent.azure-apim.net/redirect/mot-20history-20api-5fd78db9986efe513d-5f414a657dd3328abf","properties":{"IsFirstParty":"False","AzureActiveDirectoryResourceId":"https://tapi.dvsa.gov.uk","IsOnbehalfofLoginSupported":true},"customParameters":{"grantType":{"value":"client_credentials"},"LoginUri":{"value":"https://login.microsoftonline.com"},"TenantId":{"value":"a455b827-244f-4c97-b5b4-ce5d13b4d00c"},"ResourceUri":{"value":"https://tapi.dvsa.gov.uk"},"EnableOnbehalfOfLogin":{"value":false}},"clientSecret":"@environmentVariables(\"gap_MOTHistoryClientSecret\")"},"uiDefinition":{"displayName":"Login your Credentials","description":"Login your Credentials","constraints":{"required":"false","hidden":"true"}}},"token:clientId":{"type":"string","uiDefinition":{"displayName":"Client ID","schema":{"type":"string","description":"Client (or Application) ID of your application"},"constraints":{"required":"true","hidden":"false"}}},"token:clientCertificateSecret":{"type":"clientCertificate","uiDefinition":{"displayName":"Client certificate secret","description":"The client certificate secret allowed by this application","constraints":{"required":"true","hidden":"false"}}},"token:TenantId":{"type":"string","uiDefinition":{"displayName":"Tenant","schema":{"type":"string","description":"The tenant ID of your application"},"constraints":{"required":"true","hidden":"false"}}}},"metadata":{"allowSharing":true}}]}