{"swagger":"2.0","info":{"title":"Find a Grant v2","description":"","version":"1.0"},"host":"@environmentVariables(\"gap_FindaGrantv2Host\")","basePath":"/@environmentVariables(\"gap_FindaGrantv2Route\")","schemes":["https"],"consumes":[],"produces":[],"paths":{"/submissions/{reference}":{"get":{"responses":{"default":{"description":"default","schema":{"type":"object","properties":{"Applications":{"type":"array","title":"Applications","description":"A list of applications","items":{"type":"object","properties":{"ApplicationId":{"type":"string","title":"Application ID","description":"An application's ID"},"SubmissionId":{"type":"string","title":"Submission ID","description":"An application's submission ID"},"ApplicationFormName":{"type":"string","title":"Application Form Name","description":"An application's associated application form"},"EmailAddress":{"type":"string","title":"Email Address","description":"An applicant's email address"},"SubmittedOn":{"type":"string","title":"Submission Timestamp","description":"An application's date/time of submission"},"Sections":{"type":"array","title":"Sections","description":"A list of sections","items":{"type":"object","properties":{"SectionId":{"type":"string","title":"Section ID","description":"A section's ID"},"SectionTitle":{"type":"string","title":"Title","description":"A section's title"},"Questions":{"type":"array","title":"Questions","description":"A list of questions","items":{"type":"object","properties":{"QuestionId":{"type":"string","title":"Question ID","description":"A question's ID"},"Question":{"type":"string","title":"Question","description":"A question which has been posed to an applicant"},"QuestionResponse":{"type":"string","title":"Response","description":"An applicant's response to a question"}}}}}}}}}}}}}},"summary":"Get Applications","description":"This operation returns all applications which have been submitted against a given scheme's GGIS reference number.","operationId":"GetApplications","parameters":[{"name":"reference","in":"path","required":true,"type":"string","x-ms-summary":"Reference","description":"A scheme's GGIS reference number"},{"name":"page","in":"query","required":false,"type":"integer","default":1,"x-ms-summary":"Page","description":"A page number (1 page = 100 applications)"}]}}},"definitions":{},"parameters":{},"responses":{},"securityDefinitions":{"api_key":{"type":"apiKey","in":"header","name":"x-api-key"}},"security":[{"api_key":[]}],"tags":[]}