<appaction uniquename="cr48e__UpdateObjectiveCh!cb6c63fea5db4916a9d5486a6066c438!gap_DEMO!gap_scheme!0">
  <appmoduleid>
    <uniquename>gap_DEMO</uniquename>
  </appmoduleid>
  <buttonaccessibilitytext default="Update Objective Checklist button">
    <label description="Update Objective Checklist button" languagecode="1033" />
  </buttonaccessibilitytext>
  <buttonlabeltext default="Update Objective Checklists">
    <label description="Update Objective Checklists" languagecode="1033" />
  </buttonlabeltext>
  <buttontooltipdescription default="Button to update objective checklists for applications under the scheme">
    <label description="Button to update objective checklists for applications under the scheme" languagecode="1033" />
  </buttontooltipdescription>
  <buttontooltiptitle default="Update Objective Checklist">
    <label description="Update Objective Checklist" languagecode="1033" />
  </buttontooltiptitle>
  <context>1</context>
  <contextentity>
    <logicalname>gap_scheme</logicalname>
  </contextentity>
  <contextvalue>gap_scheme</contextvalue>
  <fonticon>$clientsvg:Completed</fonticon>
  <hidden>0</hidden>
  <iscustomizable>1</iscustomizable>
  <isdisabled>0</isdisabled>
  <isgrouptitlehidden>0</isgrouptitlehidden>
  <location>0</location>
  <name>UpdateObjectiveCh!cb6c63fea5db4916a9d5486a6066c438</name>
  <onclickeventformulacomponentlibraryid>
    <name>gap_demodefaultcommandlibrary_7c943</name>
  </onclickeventformulacomponentlibraryid>
  <onclickeventformulacomponentname>4914194bd46b45979b11967dc54cb196</onclickeventformulacomponentname>
  <onclickeventformulafunctionname>OnSelect</onclickeventformulafunctionname>
  <onclickeventtype>1</onclickeventtype>
  <origin>0</origin>
  <parentappactionid>
    <uniquename>cr48e__ChecklistActions!10d863407c694d3b95dfefb3c4fc6c1d!gap_DEMO!gap_scheme!0</uniquename>
  </parentappactionid>
  <sequence>2500.0000000000</sequence>
  <statecode>0</statecode>
  <statuscode>1</statuscode>
  <type>0</type>
  <visibilityformulacomponentlibraryid>
    <name>gap_demodefaultcommandlibrary_7c943</name>
  </visibilityformulacomponentlibraryid>
  <visibilityformulacomponentname>4914194bd46b45979b11967dc54cb196</visibilityformulacomponentname>
  <visibilityformulafunctionname>Visible</visibilityformulafunctionname>
  <visibilitytype>1</visibilitytype>
</appaction>